alpha_3class,fake_threshold,macro_f1,accuracy
0.0,0.3,0.7395288999413072,0.7375
0.0,0.31,0.7410607605575902,0.7390625
0.0,0.32,0.7395541156427935,0.7375
0.0,0.33,0.7471382848284699,0.7453125
0.0,0.34,0.750252643920099,0.7484375
0.0,0.35000000000000003,0.7530732180231957,0.7515625
0.0,0.36000000000000004,0.7513160376099774,0.75
0.0,0.37000000000000005,0.7528524023184612,0.7515625
0.0,0.38000000000000006,0.7526496668469206,0.7515625
0.0,0.39000000000000007,0.7525377599794719,0.7515625
0.0,0.4000000000000001,0.7540626124340962,0.753125
0.0,0.4100000000000001,0.7524712725705281,0.7515625
0.0,0.4200000000000001,0.7567470411588059,0.75625
0.0,0.4300000000000001,0.7584737318840579,0.7578125
0.0,0.4400000000000001,0.7614097213580714,0.7609375
0.0,0.4500000000000001,0.7614097213580714,0.7609375
0.0,0.46000000000000013,0.7628277184800577,0.7625
0.0,0.47000000000000014,0.7579326228363855,0.7578125
0.0,0.48000000000000015,0.7579326228363855,0.7578125
0.0,0.49000000000000016,0.7579326228363855,0.7578125
0.0,0.5000000000000002,0.7562227641259495,0.75625
0.0,0.5100000000000002,0.7604618869225086,0.7609375
0.0,0.5200000000000002,0.7590296841324006,0.759375
0.0,0.5300000000000002,0.7542698419130168,0.7546875
0.0,0.5400000000000003,0.7506935486357728,0.7515625
0.0,0.5500000000000003,0.7534831753891905,0.7546875
0.0,0.5600000000000003,0.7564394770004789,0.7578125
0.0,0.5700000000000003,0.7527811172418661,0.7546875
0.0,0.5800000000000003,0.7523023311967759,0.7546875
0.0,0.5900000000000003,0.7535395718598545,0.75625
0.0,0.6000000000000003,0.756465105488687,0.759375
0.0,0.6100000000000003,0.7548314292425159,0.7578125
0.0,0.6200000000000003,0.754804079557676,0.7578125
0.0,0.6300000000000003,0.7546374623999283,0.7578125
0.0,0.6400000000000003,0.7543583042611698,0.7578125
0.0,0.6500000000000004,0.756014399890136,0.759375
0.0,0.6600000000000004,0.7544185240681357,0.7578125
0.0,0.6700000000000004,0.7494912696447731,0.753125
0.0,0.6800000000000004,0.747838443914351,0.7515625
0.0,0.6900000000000004,0.747838443914351,0.7515625
0.0,0.7000000000000004,0.7398052494816613,0.74375
0.05,0.3,0.7394549620240136,0.7375
0.05,0.31,0.7425729116045835,0.740625
0.05,0.32,0.742716791977332,0.740625
0.05,0.33,0.7472434143662934,0.7453125
0.05,0.34,0.7531474187371047,0.7515625
0.05,0.35000000000000003,0.7560396880711798,0.7546875
0.05,0.36000000000000004,0.7529920646279598,0.7515625
0.05,0.37000000000000005,0.7528440198066271,0.7515625
0.05,0.38000000000000006,0.7558183995125232,0.7546875
0.05,0.39000000000000007,0.7541880081067048,0.753125
0.05,0.4000000000000001,0.7495191837243024,0.7484375
0.05,0.4100000000000001,0.7538053032271357,0.753125
0.05,0.4200000000000001,0.7553219642975607,0.7546875
0.05,0.4300000000000001,0.7583808033804021,0.7578125
0.05,0.4400000000000001,0.7614097213580714,0.7609375
0.05,0.4500000000000001,0.7628277184800577,0.7625
0.05,0.46000000000000013,0.7628277184800577,0.7625
0.05,0.47000000000000014,0.7610910889599415,0.7609375
0.05,0.48000000000000015,0.75948723650046,0.759375
0.05,0.49000000000000016,0.7563744780725866,0.75625
0.05,0.5000000000000002,0.7577862421804772,0.7578125
0.05,0.5100000000000002,0.754655629170363,0.7546875
0.05,0.5200000000000002,0.7559576604944899,0.75625
0.05,0.5300000000000002,0.7557049467754459,0.75625
0.05,0.5400000000000003,0.7541767524443178,0.7546875
0.05,0.5500000000000003,0.7535684719781405,0.7546875
0.05,0.5600000000000003,0.7563535368831614,0.7578125
0.05,0.5700000000000003,0.7590021783002667,0.7609375
0.05,0.5800000000000003,0.7586370340341902,0.7609375
0.05,0.5900000000000003,0.7521597234395262,0.7546875
0.05,0.6000000000000003,0.7553634456811228,0.7578125
0.05,0.6100000000000003,0.758206286467156,0.7609375
0.05,0.6200000000000003,0.7565737920963117,0.759375
0.05,0.6300000000000003,0.7592612283833019,0.7625
0.05,0.6400000000000003,0.7545482537191028,0.7578125
0.05,0.6500000000000004,0.7545482537191028,0.7578125
0.05,0.6600000000000004,0.7576765892641087,0.7609375
0.05,0.6700000000000004,0.7560292623357011,0.759375
0.05,0.6800000000000004,0.747838443914351,0.7515625
0.05,0.6900000000000004,0.7445575976909152,0.7484375
0.05,0.7000000000000004,0.7410535232802461,0.7453125
0.1,0.3,0.7379802705556902,0.7359375
0.1,0.31,0.7425729116045835,0.740625
0.1,0.32,0.7471571864711706,0.7453125
0.1,0.33,0.7517449469327729,0.75
0.1,0.34,0.753112526873263,0.7515625
0.1,0.35000000000000003,0.7560396880711798,0.7546875
0.1,0.36000000000000004,0.7560396880711798,0.7546875
0.1,0.37000000000000005,0.754433923630249,0.753125
0.1,0.38000000000000006,0.7528440198066271,0.7515625
0.1,0.39000000000000007,0.7527855570892404,0.7515625
0.1,0.4000000000000001,0.7569964393863765,0.75625
0.1,0.4100000000000001,0.7569964393863765,0.75625
0.1,0.4200000000000001,0.7555550967585285,0.7546875
0.1,0.4300000000000001,0.7569564698582406,0.75625
0.1,0.4400000000000001,0.7598949063479955,0.759375
0.1,0.4500000000000001,0.7613160257952482,0.7609375
0.1,0.46000000000000013,0.76424572035019,0.7640625
0.1,0.47000000000000014,0.761132374694269,0.7609375
0.1,0.48000000000000015,0.7595345868546722,0.759375
0.1,0.49000000000000016,0.7579326228363855,0.7578125
0.1,0.5000000000000002,0.7579326228363855,0.7578125
0.1,0.5100000000000002,0.7530544079393184,0.753125
0.1,0.5200000000000002,0.7545528296313108,0.7546875
0.1,0.5300000000000002,0.7558821204931491,0.75625
0.1,0.5400000000000003,0.7570105397177512,0.7578125
0.1,0.5500000000000003,0.7535684719781405,0.7546875
0.1,0.5600000000000003,0.7563535368831614,0.7578125
0.1,0.5700000000000003,0.7590866721817667,0.7609375
0.1,0.5800000000000003,0.7588643008122276,0.7609375
0.1,0.5900000000000003,0.7559008595615344,0.7578125
0.1,0.6000000000000003,0.7553634456811228,0.7578125
0.1,0.6100000000000003,0.7567375381392601,0.759375
0.1,0.6200000000000003,0.7597657780771369,0.7625
0.1,0.6300000000000003,0.7595984658065683,0.7625
0.1,0.6400000000000003,0.7563147017050005,0.759375
0.1,0.6500000000000004,0.7545482537191028,0.7578125
0.1,0.6600000000000004,0.7545621852422526,0.7578125
0.1,0.6700000000000004,0.7527536231884057,0.75625
0.1,0.6800000000000004,0.7511251076658053,0.7546875
0.1,0.6900000000000004,0.744366644057597,0.7484375
0.1,0.7000000000000004,0.7427127300489172,0.746875
0.15000000000000002,0.3,0.7396284829721362,0.7375
0.15000000000000002,0.31,0.7411752875654499,0.7390625
0.15000000000000002,0.32,0.7487211574348503,0.746875
0.15000000000000002,0.33,0.7531091278180204,0.7515625
0.15000000000000002,0.34,0.7546622884421611,0.753125
0.15000000000000002,0.35000000000000003,0.7560784174925278,0.7546875
0.15000000000000002,0.36000000000000004,0.7574656194019568,0.75625
0.15000000000000002,0.37000000000000005,0.7574849879848528,0.75625
0.15000000000000002,0.38000000000000006,0.7528440198066271,0.7515625
0.15000000000000002,0.39000000000000007,0.7541298756061564,0.753125
0.15000000000000002,0.4000000000000001,0.7570943710912138,0.75625
0.15000000000000002,0.4100000000000001,0.7569964393863765,0.75625
0.15000000000000002,0.4200000000000001,0.7571981222146239,0.75625
0.15000000000000002,0.4300000000000001,0.7586158036606254,0.7578125
0.15000000000000002,0.4400000000000001,0.7601374984164989,0.759375
0.15000000000000002,0.4500000000000001,0.7613160257952482,0.7609375
0.15000000000000002,0.46000000000000013,0.7611827748329265,0.7609375
0.15000000000000002,0.47000000000000014,0.7626907761988057,0.7625
0.15000000000000002,0.48000000000000015,0.7595345868546722,0.759375
0.15000000000000002,0.49000000000000016,0.7594375141448686,0.759375
0.15000000000000002,0.5000000000000002,0.757829608867266,0.7578125
0.15000000000000002,0.5100000000000002,0.7576809034130338,0.7578125
0.15000000000000002,0.5200000000000002,0.7589320843417791,0.759375
0.15000000000000002,0.5300000000000002,0.7573627133687896,0.7578125
0.15000000000000002,0.5400000000000003,0.7569180401224989,0.7578125
0.15000000000000002,0.5500000000000003,0.7582087481928911,0.759375
0.15000000000000002,0.5600000000000003,0.7564915883502801,0.7578125
0.15000000000000002,0.5700000000000003,0.7562238659704782,0.7578125
0.15000000000000002,0.5800000000000003,0.7608243793618632,0.7625
0.15000000000000002,0.5900000000000003,0.7589828231598572,0.7609375
0.15000000000000002,0.6000000000000003,0.7604066911021476,0.7625
0.15000000000000002,0.6100000000000003,0.7601715582783779,0.7625
0.15000000000000002,0.6200000000000003,0.7569220487169789,0.759375
0.15000000000000002,0.6300000000000003,0.7569220487169789,0.759375
0.15000000000000002,0.6400000000000003,0.7579590190209659,0.7609375
0.15000000000000002,0.6500000000000004,0.7566065658994953,0.759375
0.15000000000000002,0.6600000000000004,0.7545621852422526,0.7578125
0.15000000000000002,0.6700000000000004,0.7527536231884057,0.75625
0.15000000000000002,0.6800000000000004,0.7525903057434906,0.75625
0.15000000000000002,0.6900000000000004,0.7509547609893631,0.7546875
0.15000000000000002,0.7000000000000004,0.744361705211179,0.7484375
0.2,0.3,0.7380657023318041,0.7359375
0.2,0.31,0.7441214859581873,0.7421875
0.2,0.32,0.7500905475281016,0.7484375
0.2,0.33,0.7516472540395984,0.75
0.2,0.34,0.7546622884421611,0.753125
0.2,0.35000000000000003,0.7546622884421611,0.753125
0.2,0.36000000000000004,0.7559866582022298,0.7546875
0.2,0.37000000000000005,0.755925323940069,0.7546875
0.2,0.38000000000000006,0.7572475109777835,0.75625
0.2,0.39000000000000007,0.757253397481411,0.75625
0.2,0.4000000000000001,0.7555690974659489,0.7546875
0.2,0.4100000000000001,0.7569964393863765,0.75625
0.2,0.4200000000000001,0.7571981222146239,0.75625
0.2,0.4300000000000001,0.7587230856937467,0.7578125
0.2,0.4400000000000001,0.7586158036606254,0.7578125
0.2,0.4500000000000001,0.758501721147474,0.7578125
0.2,0.46000000000000013,0.7628652952832967,0.7625
0.2,0.47000000000000014,0.7657972587379814,0.765625
0.2,0.48000000000000015,0.7595345868546722,0.759375
0.2,0.49000000000000016,0.7608479714203503,0.7609375
0.2,0.5000000000000002,0.7606495208854681,0.7609375
0.2,0.5100000000000002,0.7590892224658458,0.759375
0.2,0.5200000000000002,0.7575252865922734,0.7578125
0.2,0.5300000000000002,0.7618301915006765,0.7625
0.2,0.5400000000000003,0.7601740990583353,0.7609375
0.2,0.5500000000000003,0.7568155943915812,0.7578125
0.2,0.5600000000000003,0.7582087481928911,0.759375
0.2,0.5700000000000003,0.7566335403018433,0.7578125
0.2,0.5800000000000003,0.7549679150050164,0.75625
0.2,0.5900000000000003,0.760773833400736,0.7625
0.2,0.6000000000000003,0.7605469179202039,0.7625
0.2,0.6100000000000003,0.7604066911021476,0.7625
0.2,0.6200000000000003,0.7604066911021476,0.7625
0.2,0.6300000000000003,0.7569220487169789,0.759375
0.2,0.6400000000000003,0.7569220487169789,0.759375
0.2,0.6500000000000004,0.7551666472514529,0.7578125
0.2,0.6600000000000004,0.7547133303524735,0.7578125
0.2,0.6700000000000004,0.7527536231884057,0.75625
0.2,0.6800000000000004,0.7509547609893631,0.7546875
0.2,0.6900000000000004,0.7523099036802906,0.75625
0.2,0.7000000000000004,0.7487228396218407,0.753125
0.25,0.3,0.7411971104231165,0.7390625
0.25,0.31,0.7485693400167084,0.746875
0.25,0.32,0.7486242840027965,0.746875
0.25,0.33,0.7500905475281016,0.7484375
0.25,0.34,0.7516472540395984,0.75
0.25,0.35000000000000003,0.7545702754036089,0.753125
0.25,0.36000000000000004,0.756119881735013,0.7546875
0.25,0.37000000000000005,0.7573020466282144,0.75625
0.25,0.38000000000000006,0.7572376383594209,0.75625
0.25,0.39000000000000007,0.755716514740905,0.7546875
0.25,0.4000000000000001,0.7571677082662199,0.75625
0.25,0.4100000000000001,0.7602581073754036,0.759375
0.25,0.4200000000000001,0.7556634276823688,0.7546875
0.25,0.4300000000000001,0.7571877479276287,0.75625
0.25,0.4400000000000001,0.7586158036606254,0.7578125
0.25,0.4500000000000001,0.7601374984164989,0.759375
0.25,0.46000000000000013,0.7615621805719908,0.7609375
0.25,0.47000000000000014,0.7657972587379814,0.765625
0.25,0.48000000000000015,0.7640046332223965,0.7640625
0.25,0.49000000000000016,0.7638722528266486,0.7640625
0.25,0.5000000000000002,0.765372222633089,0.765625
0.25,0.5100000000000002,0.7590892224658458,0.759375
0.25,0.5200000000000002,0.7619922989536295,0.7625
0.25,0.5300000000000002,0.7588561559969129,0.759375
0.25,0.5400000000000003,0.7602585361677311,0.7609375
0.25,0.5500000000000003,0.7600858382979824,0.7609375
0.25,0.5600000000000003,0.7601411247793287,0.7609375
0.25,0.5700000000000003,0.759896059210039,0.7609375
0.25,0.5800000000000003,0.7550868937449259,0.75625
0.25,0.5900000000000003,0.7563523251627343,0.7578125
0.25,0.6000000000000003,0.7580025608194623,0.759375
0.25,0.6100000000000003,0.759024856895642,0.7609375
0.25,0.6200000000000003,0.7604066911021476,0.7625
0.25,0.6300000000000003,0.7587881805028074,0.7609375
0.25,0.6400000000000003,0.7588313297662892,0.7609375
0.25,0.6500000000000004,0.7523265472648548,0.7546875
0.25,0.6600000000000004,0.7533766075562441,0.75625
0.25,0.6700000000000004,0.7510223368275627,0.7546875
0.25,0.6800000000000004,0.7522076303818775,0.75625
0.25,0.6900000000000004,0.7536662457101678,0.7578125
0.25,0.7000000000000004,0.7503686542791378,0.7546875
0.30000000000000004,0.3,0.7441823721956956,0.7421875
0.30000000000000004,0.31,0.7486919504469566,0.746875
0.30000000000000004,0.32,0.7501304894444737,0.7484375
0.30000000000000004,0.33,0.7501846114484904,0.7484375
0.30000000000000004,0.34,0.7516472540395984,0.75
0.30000000000000004,0.35000000000000003,0.7531091278180204,0.7515625
0.30000000000000004,0.36000000000000004,0.7559014525561927,0.7546875
0.30000000000000004,0.37000000000000005,0.7573599704684283,0.75625
0.30000000000000004,0.38000000000000006,0.7542506167676839,0.753125
0.30000000000000004,0.39000000000000007,0.7571613207302716,0.75625
0.30000000000000004,0.4000000000000001,0.7571665308340125,0.75625
0.30000000000000004,0.4100000000000001,0.7557478113502455,0.7546875
0.30000000000000004,0.4200000000000001,0.7556736880636251,0.7546875
0.30000000000000004,0.4300000000000001,0.761675157587652,0.7609375
0.30000000000000004,0.4400000000000001,0.7615621805719908,0.7609375
0.30000000000000004,0.4500000000000001,0.7615621805719908,0.7609375
0.30000000000000004,0.46000000000000013,0.7629867445456525,0.7625
0.30000000000000004,0.47000000000000014,0.7658356842185979,0.765625
0.30000000000000004,0.48000000000000015,0.7657399905940244,0.765625
0.30000000000000004,0.49000000000000016,0.7610383708102905,0.7609375
0.30000000000000004,0.5000000000000002,0.765372222633089,0.765625
0.30000000000000004,0.5100000000000002,0.7638171580058505,0.7640625
0.30000000000000004,0.5200000000000002,0.765113800908158,0.765625
0.30000000000000004,0.5300000000000002,0.7604260840448686,0.7609375
0.30000000000000004,0.5400000000000003,0.7605906786922865,0.7609375
0.30000000000000004,0.5500000000000003,0.7605645145640488,0.7609375
0.30000000000000004,0.5600000000000003,0.7616878801254082,0.7625
0.30000000000000004,0.5700000000000003,0.7600983798411766,0.7609375
0.30000000000000004,0.5800000000000003,0.759885468892913,0.7609375
0.30000000000000004,0.5900000000000003,0.7550868937449259,0.75625
0.30000000000000004,0.6000000000000003,0.7548736960781953,0.75625
0.30000000000000004,0.6100000000000003,0.7594834934599307,0.7609375
0.30000000000000004,0.6200000000000003,0.7560263071992295,0.7578125
0.30000000000000004,0.6300000000000003,0.7587881805028074,0.7609375
0.30000000000000004,0.6400000000000003,0.7605385049351702,0.7625
0.30000000000000004,0.6500000000000004,0.7568097856499639,0.759375
0.30000000000000004,0.6600000000000004,0.7528589527247701,0.75625
0.30000000000000004,0.6700000000000004,0.7512137311023537,0.7546875
0.30000000000000004,0.6800000000000004,0.750927548023045,0.7546875
0.30000000000000004,0.6900000000000004,0.7536662457101678,0.7578125
0.30000000000000004,0.7000000000000004,0.7503686542791378,0.7546875
0.35000000000000003,0.3,0.742701220816972,0.740625
0.35000000000000003,0.31,0.747240052514007,0.7453125
0.35000000000000003,0.32,0.751662694715662,0.75
0.35000000000000003,0.33,0.7517289801649992,0.75
0.35000000000000003,0.34,0.7531091278180204,0.7515625
0.35000000000000003,0.35000000000000003,0.7544423465047737,0.753125
0.35000000000000003,0.36000000000000004,0.7544423465047737,0.753125
0.35000000000000003,0.37000000000000005,0.7559014525561927,0.7546875
0.35000000000000003,0.38000000000000006,0.7557758588976121,0.7546875
0.35000000000000003,0.39000000000000007,0.754185776804792,0.753125
0.35000000000000003,0.4000000000000001,0.755822444812507,0.7546875
0.35000000000000003,0.4100000000000001,0.7573527581204883,0.75625
0.35000000000000003,0.4200000000000001,0.7587231808083734,0.7578125
0.35000000000000003,0.4300000000000001,0.7600639005105506,0.759375
0.35000000000000003,0.4400000000000001,0.7600639005105506,0.759375
0.35000000000000003,0.4500000000000001,0.7659538863779601,0.765625
0.35000000000000003,0.46000000000000013,0.764411231884058,0.7640625
0.35000000000000003,0.47000000000000014,0.7628080355799175,0.7625
0.35000000000000003,0.48000000000000015,0.7642318953446198,0.7640625
0.35000000000000003,0.49000000000000016,0.7655506097119585,0.765625
0.35000000000000003,0.5000000000000002,0.7639582639582639,0.7640625
0.35000000000000003,0.5100000000000002,0.7624048683889787,0.7625
0.35000000000000003,0.5200000000000002,0.7638171580058505,0.7640625
0.35000000000000003,0.5300000000000002,0.7640228818800248,0.7640625
0.35000000000000003,0.5400000000000003,0.765273763589741,0.765625
0.35000000000000003,0.5500000000000003,0.7666791549320036,0.7671875
0.35000000000000003,0.5600000000000003,0.7617845166957585,0.7625
0.35000000000000003,0.5700000000000003,0.7600983798411766,0.7609375
0.35000000000000003,0.5800000000000003,0.7584929164702005,0.759375
0.35000000000000003,0.5900000000000003,0.759885468892913,0.7609375
0.35000000000000003,0.6000000000000003,0.755069507019786,0.75625
0.35000000000000003,0.6100000000000003,0.7563410641912359,0.7578125
0.35000000000000003,0.6200000000000003,0.7558306506080271,0.7578125
0.35000000000000003,0.6300000000000003,0.7572555043522785,0.759375
0.35000000000000003,0.6400000000000003,0.7602925175148334,0.7625
0.35000000000000003,0.6500000000000004,0.7567938732809005,0.759375
0.35000000000000003,0.6600000000000004,0.7533021585735534,0.75625
0.35000000000000003,0.6700000000000004,0.7528589527247701,0.75625
0.35000000000000003,0.6800000000000004,0.7495813204508858,0.753125
0.35000000000000003,0.6900000000000004,0.7485420515904214,0.7515625
0.35000000000000003,0.7000000000000004,0.751178213119957,0.7546875
0.4,0.3,0.742701220816972,0.740625
0.4,0.31,0.744286472776723,0.7421875
0.4,0.32,0.747240052514007,0.7453125
0.4,0.33,0.7532289985539219,0.7515625
0.4,0.34,0.7560391965189567,0.7546875
0.4,0.35000000000000003,0.7560000075014951,0.7546875
0.4,0.36000000000000004,0.7544423465047737,0.753125
0.4,0.37000000000000005,0.7543852212467058,0.753125
0.4,0.38000000000000006,0.7573786799632094,0.75625
0.4,0.39000000000000007,0.7573083541154991,0.75625
0.4,0.4000000000000001,0.7573527581204883,0.75625
0.4,0.4100000000000001,0.7588016951943245,0.7578125
0.4,0.4200000000000001,0.7632191693247726,0.7625
0.4,0.4300000000000001,0.763132826748795,0.7625
0.4,0.4400000000000001,0.7615177522293349,0.7609375
0.4,0.4500000000000001,0.7614175063152159,0.7609375
0.4,0.46000000000000013,0.7613272467378236,0.7609375
0.4,0.47000000000000014,0.7672829268638416,0.7671875
0.4,0.48000000000000015,0.7657399905940244,0.765625
0.4,0.49000000000000016,0.7655506097119585,0.765625
0.4,0.5000000000000002,0.7640046332223965,0.7640625
0.4,0.5100000000000002,0.7654621595469614,0.765625
0.4,0.5200000000000002,0.7642742368428171,0.7640625
0.4,0.5300000000000002,0.7641290472031933,0.7640625
0.4,0.5400000000000003,0.7609626133600459,0.7609375
0.4,0.5500000000000003,0.763868730849863,0.7640625
0.4,0.5600000000000003,0.7649424822322018,0.765625
0.4,0.5700000000000003,0.7601771714672266,0.7609375
0.4,0.5800000000000003,0.76008065549926,0.7609375
0.4,0.5900000000000003,0.756852421750878,0.7578125
0.4,0.6000000000000003,0.7564597976582995,0.7578125
0.4,0.6100000000000003,0.7548410693469959,0.75625
0.4,0.6200000000000003,0.7591799571598341,0.7609375
0.4,0.6300000000000003,0.7574830952655752,0.759375
0.4,0.6400000000000003,0.7572841916483082,0.759375
0.4,0.6500000000000004,0.7540411834482811,0.75625
0.4,0.6600000000000004,0.7535560203234728,0.75625
0.4,0.6700000000000004,0.7519593801631417,0.7546875
0.4,0.6800000000000004,0.7534637664818509,0.75625
0.4,0.6900000000000004,0.7501877199946029,0.753125
0.4,0.7000000000000004,0.75000708272462,0.753125
0.45,0.3,0.744286472776723,0.7421875
0.45,0.31,0.744286472776723,0.7421875
0.45,0.32,0.7457638064722708,0.74375
0.45,0.33,0.7516380198698615,0.75
0.45,0.34,0.7531059036206936,0.7515625
0.45,0.35000000000000003,0.754536190598318,0.753125
0.45,0.36000000000000004,0.75900887049546,0.7578125
0.45,0.37000000000000005,0.7604131137499711,0.759375
0.45,0.38000000000000006,0.7588973021959714,0.7578125
0.45,0.39000000000000007,0.7587590517882356,0.7578125
0.45,0.4000000000000001,0.7589443086117903,0.7578125
0.45,0.4100000000000001,0.7588016951943245,0.7578125
0.45,0.4200000000000001,0.7632191693247726,0.7625
0.45,0.4300000000000001,0.7646638745385848,0.7640625
0.45,0.4400000000000001,0.7615986844344537,0.7609375
0.45,0.4500000000000001,0.7628635033870107,0.7625
0.45,0.46000000000000013,0.7642969466709971,0.7640625
0.45,0.47000000000000014,0.7627590480079621,0.7625
0.45,0.48000000000000015,0.7627590480079621,0.7625
0.45,0.49000000000000016,0.76416441637785,0.7640625
0.45,0.5000000000000002,0.7671874708609758,0.7671875
0.45,0.5100000000000002,0.7672837257139467,0.7671875
0.45,0.5200000000000002,0.7657348289417544,0.765625
0.45,0.5300000000000002,0.7656855802644676,0.765625
0.45,0.5400000000000003,0.7641290472031933,0.7640625
0.45,0.5500000000000003,0.7609626133600459,0.7609375
0.45,0.5600000000000003,0.7622558033586785,0.7625
0.45,0.5700000000000003,0.7585652875786842,0.759375
0.45,0.5800000000000003,0.7583466441516556,0.759375
0.45,0.5900000000000003,0.7598276347490812,0.7609375
0.45,0.6000000000000003,0.7598276347490812,0.7609375
0.45,0.6100000000000003,0.760920210136164,0.7625
0.45,0.6200000000000003,0.7607729934391338,0.7625
0.45,0.6300000000000003,0.7607955281618449,0.7625
0.45,0.6400000000000003,0.7526147904256438,0.7546875
0.45,0.6500000000000004,0.7527678371502172,0.7546875
0.45,0.6600000000000004,0.7527509173680439,0.7546875
0.45,0.6700000000000004,0.7508866291855453,0.753125
0.45,0.6800000000000004,0.7538284178175164,0.75625
0.45,0.6900000000000004,0.7516537067343929,0.7546875
0.45,0.7000000000000004,0.751479978964766,0.7546875
0.5,0.3,0.7427042370895075,0.740625
0.5,0.31,0.744286472776723,0.7421875
0.5,0.32,0.7456532952252367,0.74375
0.5,0.33,0.7501401234037286,0.7484375
0.5,0.34,0.7517038026965445,0.75
0.5,0.35000000000000003,0.7546280712625006,0.753125
0.5,0.36000000000000004,0.75900887049546,0.7578125
0.5,0.37000000000000005,0.75900887049546,0.7578125
0.5,0.38000000000000006,0.7589564104217418,0.7578125
0.5,0.39000000000000007,0.7590798244059922,0.7578125
0.5,0.4000000000000001,0.7619183864833364,0.7609375
0.5,0.4100000000000001,0.7619183864833364,0.7609375
0.5,0.4200000000000001,0.7617742148680486,0.7609375
0.5,0.4300000000000001,0.7646638745385848,0.7640625
0.5,0.4400000000000001,0.7645802136368175,0.7640625
0.5,0.4500000000000001,0.7674379397613621,0.7671875
0.5,0.46000000000000013,0.7642969466709971,0.7640625
0.5,0.47000000000000014,0.7642969466709971,0.7640625
0.5,0.48000000000000015,0.7659329710144928,0.765625
0.5,0.49000000000000016,0.7630003439816049,0.7625
0.5,0.5000000000000002,0.764430339948993,0.7640625
0.5,0.5100000000000002,0.7658222630667004,0.765625
0.5,0.5200000000000002,0.7657803958151391,0.765625
0.5,0.5300000000000002,0.7625741183684754,0.7625
0.5,0.5400000000000003,0.7640756053114034,0.7640625
0.5,0.5500000000000003,0.7639302694606943,0.7640625
0.5,0.5600000000000003,0.7605501498194146,0.7609375
0.5,0.5700000000000003,0.7542378995692219,0.7546875
0.5,0.5800000000000003,0.7555514630094461,0.75625
0.5,0.5900000000000003,0.7569488021492322,0.7578125
0.5,0.6000000000000003,0.7613099149698458,0.7625
0.5,0.6100000000000003,0.7627027397776603,0.7640625
0.5,0.6200000000000003,0.7626248699635307,0.7640625
0.5,0.6300000000000003,0.7580470930367561,0.759375
0.5,0.6400000000000003,0.7581232152942357,0.759375
0.5,0.6500000000000004,0.7547349896480332,0.75625
0.5,0.6600000000000004,0.7512764716001695,0.753125
0.5,0.6700000000000004,0.747725681796353,0.75
0.5,0.6800000000000004,0.7490905186668987,0.7515625
0.5,0.6900000000000004,0.7508743027125381,0.753125
0.5,0.7000000000000004,0.7526741291713344,0.7546875
0.55,0.3,0.7426019671957015,0.740625
0.55,0.31,0.7425983217597435,0.740625
0.55,0.32,0.7441614353638032,0.7421875
0.55,0.33,0.7517038026965445,0.75
0.55,0.34,0.7546280712625006,0.753125
0.55,0.35000000000000003,0.7546280712625006,0.753125
0.55,0.36000000000000004,0.7546280712625006,0.753125
0.55,0.37000000000000005,0.75900887049546,0.7578125
0.55,0.38000000000000006,0.7604678123295144,0.759375
0.55,0.39000000000000007,0.7591375570308445,0.7578125
0.55,0.4000000000000001,0.7590798244059922,0.7578125
0.55,0.4100000000000001,0.7648924643548826,0.7640625
0.55,0.4200000000000001,0.7664222766442661,0.765625
0.55,0.4300000000000001,0.7646644185018987,0.7640625
0.55,0.4400000000000001,0.766020833889319,0.765625
0.55,0.4500000000000001,0.7674613177801937,0.7671875
0.55,0.46000000000000013,0.7674379397613621,0.7671875
0.55,0.47000000000000014,0.7659329710144928,0.765625
0.55,0.48000000000000015,0.7661413689132509,0.765625
0.55,0.49000000000000016,0.7675735828968336,0.7671875
0.55,0.5000000000000002,0.765965686139589,0.765625
0.55,0.5100000000000002,0.7612834077552342,0.7609375
0.55,0.5200000000000002,0.7625957740946582,0.7625
0.55,0.5300000000000002,0.762545077806415,0.7625
0.55,0.5400000000000003,0.7640422265682502,0.7640625
0.55,0.5500000000000003,0.7623748811471689,0.7625
0.55,0.5600000000000003,0.762317193207886,0.7625
0.55,0.5700000000000003,0.7587743162375347,0.759375
0.55,0.5800000000000003,0.7556393947455401,0.75625
0.55,0.5900000000000003,0.7584325968412421,0.759375
0.55,0.6000000000000003,0.7584325968412421,0.759375
0.55,0.6100000000000003,0.7585522716767977,0.759375
0.55,0.6200000000000003,0.7585791884600873,0.759375
0.55,0.6300000000000003,0.7615393309234806,0.7625
0.55,0.6400000000000003,0.7550439692286908,0.75625
0.55,0.6500000000000004,0.7564279240941247,0.7578125
0.55,0.6600000000000004,0.7527503335795936,0.7546875
0.55,0.6700000000000004,0.7495416375234969,0.7515625
0.55,0.6800000000000004,0.7495995423340961,0.7515625
0.55,0.6900000000000004,0.7528169800604338,0.7546875
0.55,0.7000000000000004,0.7512548835262319,0.753125
0.6000000000000001,0.3,0.7456712825942567,0.74375
0.6000000000000001,0.31,0.7440775287904501,0.7421875
0.6000000000000001,0.32,0.7440628635804619,0.7421875
0.6000000000000001,0.33,0.7501401234037286,0.7484375
0.6000000000000001,0.34,0.7531663388308397,0.7515625
0.6000000000000001,0.35000000000000003,0.7546280712625006,0.753125
0.6000000000000001,0.36000000000000004,0.7560890424022491,0.7546875
0.6000000000000001,0.37000000000000005,0.7575492946692814,0.75625
0.6000000000000001,0.38000000000000006,0.75900887049546,0.7578125
0.6000000000000001,0.39000000000000007,0.7606468722143568,0.759375
0.6000000000000001,0.4000000000000001,0.7591694711026008,0.7578125
0.6000000000000001,0.4100000000000001,0.7636081876926251,0.7625
0.6000000000000001,0.4200000000000001,0.7649011993423471,0.7640625
0.6000000000000001,0.4300000000000001,0.7677912713472486,0.7671875
0.6000000000000001,0.4400000000000001,0.7661068320688996,0.765625
0.6000000000000001,0.4500000000000001,0.7706257125611965,0.7703125
0.6000000000000001,0.46000000000000013,0.7690963145540651,0.76875
0.6000000000000001,0.47000000000000014,0.7707133152173912,0.7703125
0.6000000000000001,0.48000000000000015,0.765965686139589,0.765625
0.6000000000000001,0.49000000000000016,0.7673973714891226,0.7671875
0.6000000000000001,0.5000000000000002,0.7657847187945946,0.765625
0.6000000000000001,0.5100000000000002,0.7657847187945946,0.765625
0.6000000000000001,0.5200000000000002,0.7596241361863014,0.759375
0.6000000000000001,0.5300000000000002,0.7594388787155123,0.759375
0.6000000000000001,0.5400000000000003,0.7594388787155123,0.759375
0.6000000000000001,0.5500000000000003,0.7609334146461143,0.7609375
0.6000000000000001,0.5600000000000003,0.7606792288994327,0.7609375
0.6000000000000001,0.5700000000000003,0.7589062446975096,0.759375
0.6000000000000001,0.5800000000000003,0.7572087963805023,0.7578125
0.6000000000000001,0.5900000000000003,0.7543146046297307,0.7546875
0.6000000000000001,0.6000000000000003,0.7572003109509154,0.7578125
0.6000000000000001,0.6100000000000003,0.7543369835034315,0.7546875
0.6000000000000001,0.6200000000000003,0.7558277290642211,0.75625
0.6000000000000001,0.6300000000000003,0.7556803845560137,0.75625
0.6000000000000001,0.6400000000000003,0.7537219942599386,0.7546875
0.6000000000000001,0.6500000000000004,0.7533572332574119,0.7546875
0.6000000000000001,0.6600000000000004,0.7561135653207266,0.7578125
0.6000000000000001,0.6700000000000004,0.7546440024313633,0.75625
0.6000000000000001,0.6800000000000004,0.7469284466856454,0.7484375
0.6000000000000001,0.6900000000000004,0.7484100298678303,0.75
0.6000000000000001,0.7000000000000004,0.7529362378432366,0.7546875
0.65,0.3,0.7440887593973665,0.7421875
0.65,0.31,0.7471530957154089,0.7453125
0.65,0.32,0.7470328146636206,0.7453125
0.65,0.33,0.7471057090980394,0.7453125
0.65,0.34,0.7530716326818276,0.7515625
0.65,0.35000000000000003,0.7530716326818276,0.7515625
0.65,0.36000000000000004,0.7546280712625006,0.753125
0.65,0.37000000000000005,0.7560890424022491,0.7546875
0.65,0.38000000000000006,0.7577297758739453,0.75625
0.65,0.39000000000000007,0.7592821582315569,0.7578125
0.65,0.4000000000000001,0.7621347906108683,0.7609375
0.65,0.4100000000000001,0.7620097783345513,0.7609375
0.65,0.4200000000000001,0.7634556784760574,0.7625
0.65,0.4300000000000001,0.7635625112566711,0.7625
0.65,0.4400000000000001,0.769427386581412,0.76875
0.65,0.4500000000000001,0.7690994228050902,0.76875
0.65,0.46000000000000013,0.7706568394175753,0.7703125
0.65,0.47000000000000014,0.7705683876811594,0.7703125
0.65,0.48000000000000015,0.7720737925649729,0.771875
0.65,0.49000000000000016,0.7689310282975729,0.76875
0.65,0.5000000000000002,0.7657847187945946,0.765625
0.65,0.5100000000000002,0.7657847187945946,0.765625
0.65,0.5200000000000002,0.7595582110900754,0.759375
0.65,0.5300000000000002,0.7595582110900754,0.759375
0.65,0.5400000000000003,0.7608631826189077,0.7609375
0.65,0.5500000000000003,0.7608631826189077,0.7609375
0.65,0.5600000000000003,0.7607381187460174,0.7609375
0.65,0.5700000000000003,0.7607728703824734,0.7609375
0.65,0.5800000000000003,0.7607065747683492,0.7609375
0.65,0.5900000000000003,0.7560833949257756,0.75625
0.65,0.6000000000000003,0.7542947277989729,0.7546875
0.65,0.6100000000000003,0.7513597511270996,0.7515625
0.65,0.6200000000000003,0.7496458097895022,0.75
0.65,0.6300000000000003,0.7540287434071473,0.7546875
0.65,0.6400000000000003,0.7540287434071473,0.7546875
0.65,0.6500000000000004,0.7525363798774669,0.753125
0.65,0.6600000000000004,0.7509845330782216,0.7515625
0.65,0.6700000000000004,0.7518702718268372,0.753125
0.65,0.6800000000000004,0.7516321274835208,0.753125
0.65,0.6900000000000004,0.7519079072677209,0.753125
0.65,0.7000000000000004,0.7519079072677209,0.753125
0.7000000000000001,0.3,0.7425059263600957,0.740625
0.7000000000000001,0.31,0.743995422563239,0.7421875
0.7000000000000001,0.32,0.7486338267967416,0.746875
0.7000000000000001,0.33,0.7500735416754308,0.7484375
0.7000000000000001,0.34,0.7515450905656277,0.75
0.7000000000000001,0.35000000000000003,0.7515152180435721,0.75
0.7000000000000001,0.36000000000000004,0.7530716326818276,0.7515625
0.7000000000000001,0.37000000000000005,0.7546280712625006,0.753125
0.7000000000000001,0.38000000000000006,0.7578261643655843,0.75625
0.7000000000000001,0.39000000000000007,0.7607375075629271,0.759375
0.7000000000000001,0.4000000000000001,0.7605928066998787,0.759375
0.7000000000000001,0.4100000000000001,0.7620765060419595,0.7609375
0.7000000000000001,0.4200000000000001,0.7650058320099132,0.7640625
0.7000000000000001,0.4300000000000001,0.7634919797846628,0.7625
0.7000000000000001,0.4400000000000001,0.7680211094845241,0.7671875
0.7000000000000001,0.4500000000000001,0.7709061075386043,0.7703125
0.7000000000000001,0.46000000000000013,0.7707390603832721,0.7703125
0.7000000000000001,0.47000000000000014,0.7706568394175753,0.7703125
0.7000000000000001,0.48000000000000015,0.7705683876811594,0.7703125
0.7000000000000001,0.49000000000000016,0.7720737925649729,0.771875
0.7000000000000001,0.5000000000000002,0.7673164540319686,0.7671875
0.7000000000000001,0.5100000000000002,0.7656976593146806,0.765625
0.7000000000000001,0.5200000000000002,0.7609839706811526,0.7609375
0.7000000000000001,0.5300000000000002,0.7609839706811526,0.7609375
0.7000000000000001,0.5400000000000003,0.7609839706811526,0.7609375
0.7000000000000001,0.5500000000000003,0.7641252034251065,0.7640625
0.7000000000000001,0.5600000000000003,0.7593434343434344,0.759375
0.7000000000000001,0.5700000000000003,0.757665525749705,0.7578125
0.7000000000000001,0.5800000000000003,0.7563480010776198,0.75625
0.7000000000000001,0.5900000000000003,0.7561525151721536,0.75625
0.7000000000000001,0.6000000000000003,0.7513395717663741,0.7515625
0.7000000000000001,0.6100000000000003,0.749727338065023,0.75
0.7000000000000001,0.6200000000000003,0.7512134525554032,0.7515625
0.7000000000000001,0.6300000000000003,0.7495604648793739,0.75
0.7000000000000001,0.6400000000000003,0.7528231978978043,0.753125
0.7000000000000001,0.6500000000000004,0.7499617926399961,0.75
0.7000000000000001,0.6600000000000004,0.751249151810499,0.7515625
0.7000000000000001,0.6700000000000004,0.7526636405499638,0.753125
0.7000000000000001,0.6800000000000004,0.7506959106526149,0.7515625
0.7000000000000001,0.6900000000000004,0.7521486595520699,0.753125
0.7000000000000001,0.7000000000000004,0.7486088258493537,0.75
0.75,0.3,0.7394281571827263,0.7375
0.75,0.31,0.7454837880478956,0.74375
0.75,0.32,0.7485424113497355,0.746875
0.75,0.33,0.7470328146636206,0.7453125
0.75,0.34,0.7515450905656277,0.75
0.75,0.35000000000000003,0.7530157775605123,0.7515625
0.75,0.36000000000000004,0.7545729482882845,0.753125
0.75,0.37000000000000005,0.7548100147275405,0.753125
0.75,0.38000000000000006,0.7562702495653967,0.7546875
0.75,0.39000000000000007,0.7545334777612663,0.753125
0.75,0.4000000000000001,0.7576345599063931,0.75625
0.75,0.4100000000000001,0.7606671889280584,0.759375
0.75,0.4200000000000001,0.763560004032574,0.7625
0.75,0.4300000000000001,0.7680933886653082,0.7671875
0.75,0.4400000000000001,0.7680211094845241,0.7671875
0.75,0.4500000000000001,0.7694636795170565,0.76875
0.75,0.46000000000000013,0.7709061075386043,0.7703125
0.75,0.47000000000000014,0.7692973359547124,0.76875
0.75,0.48000000000000015,0.7706568394175753,0.7703125
0.75,0.49000000000000016,0.7690448012509831,0.76875
0.75,0.5000000000000002,0.7703701852629944,0.7703125
0.75,0.5100000000000002,0.7671298776826415,0.7671875
0.75,0.5200000000000002,0.7640637140637141,0.7640625
0.75,0.5300000000000002,0.762744116428494,0.7625
0.75,0.5400000000000003,0.7626240869552882,0.7625
0.75,0.5500000000000003,0.7610856333102772,0.7609375
0.75,0.5600000000000003,0.7611155087845002,0.7609375
0.75,0.5700000000000003,0.7609948459744759,0.7609375
0.75,0.5800000000000003,0.7547284922816129,0.7546875
0.75,0.5900000000000003,0.7499242669628622,0.75
0.75,0.6000000000000003,0.7486169512420281,0.7484375
0.75,0.6100000000000003,0.7498922555295104,0.75
0.75,0.6200000000000003,0.7515560134310134,0.7515625
0.75,0.6300000000000003,0.7499184537369339,0.75
0.75,0.6400000000000003,0.7501223103909406,0.75
0.75,0.6500000000000004,0.75014260369554,0.75
0.75,0.6600000000000004,0.7514325769892322,0.7515625
0.75,0.6700000000000004,0.7529281676749174,0.753125
0.75,0.6800000000000004,0.751019598871349,0.7515625
0.75,0.6900000000000004,0.744513321343289,0.7453125
0.75,0.7000000000000004,0.7458793381207798,0.746875
0.8,0.3,0.7424161056886379,0.740625
0.8,0.31,0.7439083249355235,0.7421875
0.8,0.32,0.7485424113497355,0.746875
0.8,0.33,0.7470490294969334,0.7453125
0.8,0.34,0.7470328146636206,0.7453125
0.8,0.35000000000000003,0.7545729482882845,0.753125
0.8,0.36000000000000004,0.7544423232044122,0.753125
0.8,0.37000000000000005,0.7546195385370643,0.753125
0.8,0.38000000000000006,0.7531143410864395,0.7515625
0.8,0.39000000000000007,0.7576345599063931,0.75625
0.8,0.4000000000000001,0.7590901195569426,0.7578125
0.8,0.4100000000000001,0.7606315612417477,0.759375
0.8,0.4200000000000001,0.7623132542769753,0.7609375
0.8,0.4300000000000001,0.7637587907680544,0.7625
0.8,0.4400000000000001,0.7680933886653082,0.7671875
0.8,0.4500000000000001,0.7680211094845241,0.7671875
0.8,0.46000000000000013,0.7694636795170565,0.76875
0.8,0.47000000000000014,0.7709061075386043,0.7703125
0.8,0.48000000000000015,0.7676845293924494,0.7671875
0.8,0.49000000000000016,0.7690448012509831,0.76875
0.8,0.5000000000000002,0.7719886364043873,0.771875
0.8,0.5100000000000002,0.7689571744076075,0.76875
0.8,0.5200000000000002,0.7641922126008228,0.7640625
0.8,0.5300000000000002,0.7626240869552882,0.7625
0.8,0.5400000000000003,0.7628524546246065,0.7625
0.8,0.5500000000000003,0.7612296273077833,0.7609375
0.8,0.5600000000000003,0.7612296273077833,0.7609375
0.8,0.5700000000000003,0.762536457732779,0.7625
0.8,0.5800000000000003,0.7514754502709434,0.7515625
0.8,0.5900000000000003,0.7529611876819352,0.753125
0.8,0.6000000000000003,0.7501050038651397,0.75
0.8,0.6100000000000003,0.7472457207101456,0.746875
0.8,0.6200000000000003,0.74581650138731,0.7453125
0.8,0.6300000000000003,0.7487041246537522,0.7484375
0.8,0.6400000000000003,0.7503034937506098,0.75
0.8,0.6500000000000004,0.7517982996137283,0.7515625
0.8,0.6600000000000004,0.7530174984064318,0.753125
0.8,0.6700000000000004,0.7512900005328262,0.7515625
0.8,0.6800000000000004,0.7498375657744223,0.75
0.8,0.6900000000000004,0.7447917894484783,0.7453125
0.8,0.7000000000000004,0.742912334645553,0.74375
0.8500000000000001,0.3,0.7424161056886379,0.740625
0.8500000000000001,0.31,0.7439083249355235,0.7421875
0.8500000000000001,0.32,0.7470589380031751,0.7453125
0.8500000000000001,0.33,0.7501135190918472,0.7484375
0.8500000000000001,0.34,0.7470328146636206,0.7453125
0.8500000000000001,0.35000000000000003,0.7498661077441758,0.7484375
0.8500000000000001,0.36000000000000004,0.7514305442775576,0.75
0.8500000000000001,0.37000000000000005,0.7545797517375451,0.753125
0.8500000000000001,0.38000000000000006,0.7561283740930046,0.7546875
0.8500000000000001,0.39000000000000007,0.7575896234372136,0.75625
0.8500000000000001,0.4000000000000001,0.7635875146098762,0.7625
0.8500000000000001,0.4100000000000001,0.7622774948861905,0.7609375
0.8500000000000001,0.4200000000000001,0.7607724219803474,0.759375
0.8500000000000001,0.4300000000000001,0.7607724219803474,0.759375
0.8500000000000001,0.4400000000000001,0.7652039641564299,0.7640625
0.8500000000000001,0.4500000000000001,0.7680933886653082,0.7671875
0.8500000000000001,0.46000000000000013,0.7678555202918022,0.7671875
0.8500000000000001,0.47000000000000014,0.7692973359547124,0.76875
0.8500000000000001,0.48000000000000015,0.7693296330597379,0.76875
0.8500000000000001,0.49000000000000016,0.767811222524609,0.7671875
0.8500000000000001,0.5000000000000002,0.767634815853707,0.7671875
0.8500000000000001,0.5100000000000002,0.7675225200590431,0.7671875
0.8500000000000001,0.5200000000000002,0.7674149232607381,0.7671875
0.8500000000000001,0.5300000000000002,0.764489433117054,0.7640625
0.8500000000000001,0.5400000000000003,0.762961330793928,0.7625
0.8500000000000001,0.5500000000000003,0.7612296273077833,0.7609375
0.8500000000000001,0.5600000000000003,0.7596948488925664,0.759375
0.8500000000000001,0.5700000000000003,0.7546886880121653,0.7546875
0.8500000000000001,0.5800000000000003,0.7560532778908454,0.75625
0.8500000000000001,0.5900000000000003,0.7547550970936084,0.7546875
0.8500000000000001,0.6000000000000003,0.7519141536512027,0.7515625
0.8500000000000001,0.6100000000000003,0.7506247468857166,0.75
0.8500000000000001,0.6200000000000003,0.7461279630782248,0.7453125
0.8500000000000001,0.6300000000000003,0.7474897955705707,0.746875
0.8500000000000001,0.6400000000000003,0.7488102440008065,0.7484375
0.8500000000000001,0.6500000000000004,0.7503034937506098,0.75
0.8500000000000001,0.6600000000000004,0.751394630566284,0.7515625
0.8500000000000001,0.6700000000000004,0.751394630566284,0.7515625
0.8500000000000001,0.6800000000000004,0.7498375657744223,0.75
0.8500000000000001,0.6900000000000004,0.7466601514293542,0.746875
0.8500000000000001,0.7000000000000004,0.7414615378761376,0.7421875
0.9,0.3,0.7409227310723345,0.7390625
0.9,0.31,0.7438997134559263,0.7421875
0.9,0.32,0.7454729710709292,0.74375
0.9,0.33,0.7454729710709292,0.74375
0.9,0.34,0.7499842166570931,0.7484375
0.9,0.35000000000000003,0.7499557253360849,0.7484375
0.9,0.36000000000000004,0.7530312658629962,0.7515625
0.9,0.37000000000000005,0.7530312658629962,0.7515625
0.9,0.38000000000000006,0.7575896234372136,0.75625
0.9,0.39000000000000007,0.7592371240089572,0.7578125
0.9,0.4000000000000001,0.7607820041083847,0.759375
0.9,0.4100000000000001,0.7622379869445589,0.7609375
0.9,0.4200000000000001,0.7622774948861905,0.7609375
0.9,0.4300000000000001,0.7622213159468979,0.7609375
0.9,0.4400000000000001,0.7622213159468979,0.7609375
0.9,0.4500000000000001,0.7620639460895825,0.7609375
0.9,0.46000000000000013,0.7665184823794525,0.765625
0.9,0.47000000000000014,0.7694029060386671,0.76875
0.9,0.48000000000000015,0.7678891204358118,0.7671875
0.9,0.49000000000000016,0.7693296330597379,0.76875
0.9,0.5000000000000002,0.769250146127287,0.76875
0.9,0.5100000000000002,0.7677385695617165,0.7671875
0.9,0.5200000000000002,0.7662096830149606,0.765625
0.9,0.5300000000000002,0.7662096830149606,0.765625
0.9,0.5400000000000003,0.762961330793928,0.7625
0.9,0.5500000000000003,0.7598075730109156,0.759375
0.9,0.5600000000000003,0.7565494102496001,0.75625
0.9,0.5700000000000003,0.7547646936931621,0.7546875
0.9,0.5800000000000003,0.7548850401254587,0.7546875
0.9,0.5900000000000003,0.7534624385767752,0.753125
0.9,0.6000000000000003,0.753897869421985,0.753125
0.9,0.6100000000000003,0.7538482090624763,0.753125
0.9,0.6200000000000003,0.7522977022977022,0.7515625
0.9,0.6300000000000003,0.7491846708556892,0.7484375
0.9,0.6400000000000003,0.7442929661015604,0.74375
0.9,0.6500000000000004,0.7470275767758605,0.746875
0.9,0.6600000000000004,0.7484160474763474,0.7484375
0.9,0.6700000000000004,0.7515858431852737,0.7515625
0.9,0.6800000000000004,0.7500137265971185,0.75
0.9,0.6900000000000004,0.7468563266689493,0.746875
0.9,0.7000000000000004,0.7433501613068176,0.74375
0.9500000000000001,0.3,0.7409235499530057,0.7390625
0.9500000000000001,0.31,0.7409235499530057,0.7390625
0.9500000000000001,0.32,0.7469556243550052,0.7453125
0.9500000000000001,0.33,0.7485203261957473,0.746875
0.9500000000000001,0.34,0.7500030092681982,0.7484375
0.9500000000000001,0.35000000000000003,0.7484801063581744,0.746875
0.9500000000000001,0.36000000000000004,0.7515622996814546,0.75
0.9500000000000001,0.37000000000000005,0.7544995610069322,0.753125
0.9500000000000001,0.38000000000000006,0.7561481235850983,0.7546875
0.9500000000000001,0.39000000000000007,0.7561481235850983,0.7546875
0.9500000000000001,0.4000000000000001,0.7607820041083847,0.759375
0.9500000000000001,0.4100000000000001,0.7622379869445589,0.7609375
0.9500000000000001,0.4200000000000001,0.7622379869445589,0.7609375
0.9500000000000001,0.4300000000000001,0.760509561777167,0.759375
0.9500000000000001,0.4400000000000001,0.7621589620596554,0.7609375
0.9500000000000001,0.4500000000000001,0.760656677835949,0.759375
0.9500000000000001,0.46000000000000013,0.7621028750956302,0.7609375
0.9500000000000001,0.47000000000000014,0.7649944959233862,0.7640625
0.9500000000000001,0.48000000000000015,0.7665184823794525,0.765625
0.9500000000000001,0.49000000000000016,0.768099534757248,0.7671875
0.9500000000000001,0.5000000000000002,0.7695401079668199,0.76875
0.9500000000000001,0.5100000000000002,0.7693590673501358,0.76875
0.9500000000000001,0.5200000000000002,0.7646994745337287,0.7640625
0.9500000000000001,0.5300000000000002,0.7646846536043213,0.7640625
0.9500000000000001,0.5400000000000003,0.7615372520328334,0.7609375
0.9500000000000001,0.5500000000000003,0.7565494102496001,0.75625
0.9500000000000001,0.5600000000000003,0.7548824833404536,0.7546875
0.9500000000000001,0.5700000000000003,0.7535948190186383,0.753125
0.9500000000000001,0.5800000000000003,0.7554247968017792,0.7546875
0.9500000000000001,0.5900000000000003,0.7525796048503847,0.7515625
0.9500000000000001,0.6000000000000003,0.7553947811392246,0.7546875
0.9500000000000001,0.6100000000000003,0.7522977022977022,0.7515625
0.9500000000000001,0.6200000000000003,0.7522977022977022,0.7515625
0.9500000000000001,0.6300000000000003,0.749114010989011,0.7484375
0.9500000000000001,0.6400000000000003,0.7459245646528686,0.7453125
0.9500000000000001,0.6500000000000004,0.7471027780999094,0.746875
0.9500000000000001,0.6600000000000004,0.7484160474763474,0.7484375
0.9500000000000001,0.6700000000000004,0.7486083181657298,0.7484375
0.9500000000000001,0.6800000000000004,0.7469487052614218,0.746875
0.9500000000000001,0.6900000000000004,0.7468563266689493,0.746875
0.9500000000000001,0.7000000000000004,0.7449476241267039,0.7453125
1.0,0.3,0.7424121911824094,0.740625
1.0,0.31,0.7439796905505949,0.7421875
1.0,0.32,0.7470367094206103,0.7453125
1.0,0.33,0.7486051417076457,0.746875
1.0,0.34,0.7484941289261755,0.746875
1.0,0.35000000000000003,0.7486552240989907,0.746875
1.0,0.36000000000000004,0.7516041129623252,0.75
1.0,0.37000000000000005,0.7546811866474145,0.753125
1.0,0.38000000000000006,0.7561481235850983,0.7546875
1.0,0.39000000000000007,0.7561481235850983,0.7546875
1.0,0.4000000000000001,0.7576925142004068,0.75625
1.0,0.4100000000000001,0.7576327938712645,0.75625
1.0,0.4200000000000001,0.7606707021322002,0.759375
1.0,0.4300000000000001,0.7606250175882932,0.759375
1.0,0.4400000000000001,0.7606250175882932,0.759375
1.0,0.4500000000000001,0.7621589620596554,0.7609375
1.0,0.46000000000000013,0.7636067591005095,0.7625
1.0,0.47000000000000014,0.7635488005467286,0.7625
1.0,0.48000000000000015,0.7637559058322761,0.7625
1.0,0.49000000000000016,0.7667281746126351,0.765625
1.0,0.5000000000000002,0.7681836306582756,0.7671875
1.0,0.5100000000000002,0.7680199081558046,0.7671875
1.0,0.5200000000000002,0.7647898317754778,0.7640625
1.0,0.5300000000000002,0.7631750364531604,0.7625
1.0,0.5400000000000003,0.7613137393701287,0.7609375
1.0,0.5500000000000003,0.7566309610203081,0.75625
1.0,0.5600000000000003,0.7538693810738436,0.753125
1.0,0.5700000000000003,0.7555129755859228,0.7546875
1.0,0.5800000000000003,0.7571861719906412,0.75625
1.0,0.5900000000000003,0.7556544021047391,0.7546875
1.0,0.6000000000000003,0.7555279688098883,0.7546875
1.0,0.6100000000000003,0.7524421159536581,0.7515625
1.0,0.6200000000000003,0.7506668255292107,0.75
1.0,0.6300000000000003,0.7490309117816282,0.7484375
1.0,0.6400000000000003,0.7474168994440511,0.746875
1.0,0.6500000000000004,0.7489106701205933,0.7484375
1.0,0.6600000000000004,0.7500581048865929,0.75
1.0,0.6700000000000004,0.7471219831181574,0.746875
1.0,0.6800000000000004,0.7454618368888103,0.7453125
1.0,0.6900000000000004,0.7468563266689493,0.746875
1.0,0.7000000000000004,0.7465933515600863,0.746875
