preset,fake_weight,threshold,cv_macro_f1,cv_accuracy,cv_macro_auc,cv_fake_recall,cv_stage1_acc,n_stage1,n_stage2,stage1_features,stage2_features
top_split,1.0,0.45,0.7582581163070513,0.75625,0.8899016604197992,0.8440860215053764,0.7921875,5,5,"identity_sim_std,bvp_std,highfreq_score,boundary_score_mean,boundary_score_std","bvp_std,identity_sim_std,boundary_score_std,boundary_score_mean,highfreq_score"
top_split,1.0,0.5,0.7578119178468888,0.75625,0.8899016604197992,0.8279569892473119,0.790625,5,5,"identity_sim_std,bvp_std,highfreq_score,boundary_score_mean,boundary_score_std","bvp_std,identity_sim_std,boundary_score_std,boundary_score_mean,highfreq_score"
top_split,2.0,0.5,0.7573456842057095,0.7546875,0.8883279384494257,0.8602150537634409,0.7921875,5,5,"identity_sim_std,bvp_std,highfreq_score,boundary_score_mean,boundary_score_std","bvp_std,identity_sim_std,boundary_score_std,boundary_score_mean,highfreq_score"
top_split,1.5,0.5,0.754290063394405,0.7515625,0.8903841656892498,0.8494623655913979,0.7875,5,5,"identity_sim_std,bvp_std,highfreq_score,boundary_score_mean,boundary_score_std","bvp_std,identity_sim_std,boundary_score_std,boundary_score_mean,highfreq_score"
top_split,1.0,0.4,0.7542027323648838,0.7515625,0.8899016604197992,0.8548387096774194,0.7875,5,5,"identity_sim_std,bvp_std,highfreq_score,boundary_score_mean,boundary_score_std","bvp_std,identity_sim_std,boundary_score_std,boundary_score_mean,highfreq_score"
top_split,1.0,0.3,0.7537533015048355,0.7515625,0.8899016604197992,0.8978494623655914,0.790625,5,5,"identity_sim_std,bvp_std,highfreq_score,boundary_score_mean,boundary_score_std","bvp_std,identity_sim_std,boundary_score_std,boundary_score_mean,highfreq_score"
top_split,1.0,0.55,0.7509334550774821,0.75,0.8899016604197992,0.7956989247311828,0.7828125,5,5,"identity_sim_std,bvp_std,highfreq_score,boundary_score_mean,boundary_score_std","bvp_std,identity_sim_std,boundary_score_std,boundary_score_mean,highfreq_score"
top_split,2.0,0.55,0.7508134005596515,0.7484375,0.8883279384494257,0.8440860215053764,0.7859375,5,5,"identity_sim_std,bvp_std,highfreq_score,boundary_score_mean,boundary_score_std","bvp_std,identity_sim_std,boundary_score_std,boundary_score_mean,highfreq_score"
all,1.0,0.55,0.7504126591468646,0.75,0.8947040800788612,0.8333333333333334,0.7953125,10,10,"absdiff_std,bvp_std,d3_temporal_score,highfreq_score,patch_corr_mean,patch_signal_std_mean,boundary_score_mean,boundary_score_std,boundary_score_max,identity_sim_std","absdiff_std,bvp_std,d3_temporal_score,highfreq_score,patch_corr_mean,patch_signal_std_mean,boundary_score_mean,boundary_score_std,boundary_score_max,identity_sim_std"
all,1.0,0.45,0.7497688506296827,0.7484375,0.8947040800788612,0.8575268817204301,0.79375,10,10,"absdiff_std,bvp_std,d3_temporal_score,highfreq_score,patch_corr_mean,patch_signal_std_mean,boundary_score_mean,boundary_score_std,boundary_score_max,identity_sim_std","absdiff_std,bvp_std,d3_temporal_score,highfreq_score,patch_corr_mean,patch_signal_std_mean,boundary_score_mean,boundary_score_std,boundary_score_max,identity_sim_std"
all,1.5,0.55,0.7496978756638643,0.7484375,0.8941304657588723,0.8521505376344086,0.79375,10,10,"absdiff_std,bvp_std,d3_temporal_score,highfreq_score,patch_corr_mean,patch_signal_std_mean,boundary_score_mean,boundary_score_std,boundary_score_max,identity_sim_std","absdiff_std,bvp_std,d3_temporal_score,highfreq_score,patch_corr_mean,patch_signal_std_mean,boundary_score_mean,boundary_score_std,boundary_score_max,identity_sim_std"
top_split,1.0,0.35,0.7496699787612906,0.746875,0.8899016604197992,0.8709677419354839,0.784375,5,5,"identity_sim_std,bvp_std,highfreq_score,boundary_score_mean,boundary_score_std","bvp_std,identity_sim_std,boundary_score_std,boundary_score_mean,highfreq_score"
top_split,1.5,0.35,0.7492507852362058,0.746875,0.8903841656892498,0.9059139784946236,0.7875,5,5,"identity_sim_std,bvp_std,highfreq_score,boundary_score_mean,boundary_score_std","bvp_std,identity_sim_std,boundary_score_std,boundary_score_mean,highfreq_score"
all,1.0,0.4,0.7491446886446886,0.7484375,0.8947040800788612,0.8763440860215054,0.8,10,10,"absdiff_std,bvp_std,d3_temporal_score,highfreq_score,patch_corr_mean,patch_signal_std_mean,boundary_score_mean,boundary_score_std,boundary_score_max,identity_sim_std","absdiff_std,bvp_std,d3_temporal_score,highfreq_score,patch_corr_mean,patch_signal_std_mean,boundary_score_mean,boundary_score_std,boundary_score_max,identity_sim_std"
top_split,1.5,0.55,0.7489483631697227,0.746875,0.8903841656892498,0.8252688172043011,0.7828125,5,5,"identity_sim_std,bvp_std,highfreq_score,boundary_score_mean,boundary_score_std","bvp_std,identity_sim_std,boundary_score_std,boundary_score_mean,highfreq_score"
all,2.0,0.55,0.7481428343695201,0.746875,0.8923861698057571,0.8575268817204301,0.79375,10,10,"absdiff_std,bvp_std,d3_temporal_score,highfreq_score,patch_corr_mean,patch_signal_std_mean,boundary_score_mean,boundary_score_std,boundary_score_max,identity_sim_std","absdiff_std,bvp_std,d3_temporal_score,highfreq_score,patch_corr_mean,patch_signal_std_mean,boundary_score_mean,boundary_score_std,boundary_score_max,identity_sim_std"
top_split,2.0,0.45,0.748141083672066,0.7453125,0.8883279384494257,0.8763440860215054,0.7859375,5,5,"identity_sim_std,bvp_std,highfreq_score,boundary_score_mean,boundary_score_std","bvp_std,identity_sim_std,boundary_score_std,boundary_score_mean,highfreq_score"
all,1.0,0.5,0.7479727425795476,0.746875,0.8947040800788612,0.8440860215053764,0.7921875,10,10,"absdiff_std,bvp_std,d3_temporal_score,highfreq_score,patch_corr_mean,patch_signal_std_mean,boundary_score_mean,boundary_score_std,boundary_score_max,identity_sim_std","absdiff_std,bvp_std,d3_temporal_score,highfreq_score,patch_corr_mean,patch_signal_std_mean,boundary_score_mean,boundary_score_std,boundary_score_max,identity_sim_std"
all,1.5,0.45,0.746739674270955,0.7453125,0.8941304657588723,0.8763440860215054,0.79375,10,10,"absdiff_std,bvp_std,d3_temporal_score,highfreq_score,patch_corr_mean,patch_signal_std_mean,boundary_score_mean,boundary_score_std,boundary_score_max,identity_sim_std","absdiff_std,bvp_std,d3_temporal_score,highfreq_score,patch_corr_mean,patch_signal_std_mean,boundary_score_mean,boundary_score_std,boundary_score_max,identity_sim_std"
top_split,1.5,0.45,0.7466632169317048,0.74375,0.8903841656892498,0.8575268817204301,0.78125,5,5,"identity_sim_std,bvp_std,highfreq_score,boundary_score_mean,boundary_score_std","bvp_std,identity_sim_std,boundary_score_std,boundary_score_mean,highfreq_score"
all,1.5,0.5,0.746565193167135,0.7453125,0.8941304657588723,0.8655913978494624,0.79375,10,10,"absdiff_std,bvp_std,d3_temporal_score,highfreq_score,patch_corr_mean,patch_signal_std_mean,boundary_score_mean,boundary_score_std,boundary_score_max,identity_sim_std","absdiff_std,bvp_std,d3_temporal_score,highfreq_score,patch_corr_mean,patch_signal_std_mean,boundary_score_mean,boundary_score_std,boundary_score_max,identity_sim_std"
top_split,1.5,0.4,0.7464433725853246,0.74375,0.8903841656892498,0.8763440860215054,0.7828125,5,5,"identity_sim_std,bvp_std,highfreq_score,boundary_score_mean,boundary_score_std","bvp_std,identity_sim_std,boundary_score_std,boundary_score_mean,highfreq_score"
all_vs_face_bvp,1.0,0.4,0.7459541194794225,0.7453125,0.8881193599857097,0.8763440860215054,0.8,10,5,"absdiff_std,bvp_std,d3_temporal_score,highfreq_score,patch_corr_mean,patch_signal_std_mean,boundary_score_mean,boundary_score_std,boundary_score_max,identity_sim_std","identity_sim_std,boundary_score_mean,boundary_score_std,boundary_score_max,bvp_std"
all,2.0,0.5,0.7452119141227725,0.74375,0.8923861698057571,0.8682795698924731,0.7921875,10,10,"absdiff_std,bvp_std,d3_temporal_score,highfreq_score,patch_corr_mean,patch_signal_std_mean,boundary_score_mean,boundary_score_std,boundary_score_max,identity_sim_std","absdiff_std,bvp_std,d3_temporal_score,highfreq_score,patch_corr_mean,patch_signal_std_mean,boundary_score_mean,boundary_score_std,boundary_score_max,identity_sim_std"
all,1.5,0.4,0.7439372286332454,0.7421875,0.8941304657588723,0.8897849462365591,0.79375,10,10,"absdiff_std,bvp_std,d3_temporal_score,highfreq_score,patch_corr_mean,patch_signal_std_mean,boundary_score_mean,boundary_score_std,boundary_score_max,identity_sim_std","absdiff_std,bvp_std,d3_temporal_score,highfreq_score,patch_corr_mean,patch_signal_std_mean,boundary_score_mean,boundary_score_std,boundary_score_max,identity_sim_std"
top_split,2.0,0.4,0.743486200850542,0.740625,0.8883279384494257,0.8978494623655914,0.7828125,5,5,"identity_sim_std,bvp_std,highfreq_score,boundary_score_mean,boundary_score_std","bvp_std,identity_sim_std,boundary_score_std,boundary_score_mean,highfreq_score"
all_vs_face_bvp,1.0,0.55,0.743259085674863,0.74375,0.8881193599857097,0.8333333333333334,0.7953125,10,5,"absdiff_std,bvp_std,d3_temporal_score,highfreq_score,patch_corr_mean,patch_signal_std_mean,boundary_score_mean,boundary_score_std,boundary_score_max,identity_sim_std","identity_sim_std,boundary_score_mean,boundary_score_std,boundary_score_max,bvp_std"
all_vs_face_bvp,2.0,0.55,0.7431251377775442,0.7421875,0.8858287253581943,0.8575268817204301,0.79375,10,5,"absdiff_std,bvp_std,d3_temporal_score,highfreq_score,patch_corr_mean,patch_signal_std_mean,boundary_score_mean,boundary_score_std,boundary_score_max,identity_sim_std","identity_sim_std,boundary_score_mean,boundary_score_std,boundary_score_max,bvp_std"
all_vs_face_bvp,1.0,0.45,0.7429265921244532,0.7421875,0.8881193599857097,0.8575268817204301,0.79375,10,5,"absdiff_std,bvp_std,d3_temporal_score,highfreq_score,patch_corr_mean,patch_signal_std_mean,boundary_score_mean,boundary_score_std,boundary_score_max,identity_sim_std","identity_sim_std,boundary_score_mean,boundary_score_std,boundary_score_max,bvp_std"
all_vs_face_bvp,1.5,0.55,0.7429070840292251,0.7421875,0.8874121441557689,0.8521505376344086,0.79375,10,5,"absdiff_std,bvp_std,d3_temporal_score,highfreq_score,patch_corr_mean,patch_signal_std_mean,boundary_score_mean,boundary_score_std,boundary_score_max,identity_sim_std","identity_sim_std,boundary_score_mean,boundary_score_std,boundary_score_max,bvp_std"
all_vs_face_bvp,1.5,0.45,0.7419435112014107,0.740625,0.8874121441557689,0.8763440860215054,0.79375,10,5,"absdiff_std,bvp_std,d3_temporal_score,highfreq_score,patch_corr_mean,patch_signal_std_mean,boundary_score_mean,boundary_score_std,boundary_score_max,identity_sim_std","identity_sim_std,boundary_score_mean,boundary_score_std,boundary_score_max,bvp_std"
all_vs_face_bvp,1.5,0.5,0.741710824235096,0.740625,0.8874121441557689,0.8655913978494624,0.79375,10,5,"absdiff_std,bvp_std,d3_temporal_score,highfreq_score,patch_corr_mean,patch_signal_std_mean,boundary_score_mean,boundary_score_std,boundary_score_max,identity_sim_std","identity_sim_std,boundary_score_mean,boundary_score_std,boundary_score_max,bvp_std"
top_split,1.5,0.3,0.7414081077726848,0.7390625,0.8903841656892498,0.9193548387096774,0.78125,5,5,"identity_sim_std,bvp_std,highfreq_score,boundary_score_mean,boundary_score_std","bvp_std,identity_sim_std,boundary_score_std,boundary_score_mean,highfreq_score"
all_vs_face_bvp,1.0,0.5,0.7410178524999854,0.740625,0.8881193599857097,0.8440860215053764,0.7921875,10,5,"absdiff_std,bvp_std,d3_temporal_score,highfreq_score,patch_corr_mean,patch_signal_std_mean,boundary_score_mean,boundary_score_std,boundary_score_max,identity_sim_std","identity_sim_std,boundary_score_mean,boundary_score_std,boundary_score_max,bvp_std"
all_vs_face_bvp,1.5,0.4,0.7408962683060546,0.7390625,0.8874121441557689,0.8897849462365591,0.79375,10,5,"absdiff_std,bvp_std,d3_temporal_score,highfreq_score,patch_corr_mean,patch_signal_std_mean,boundary_score_mean,boundary_score_std,boundary_score_max,identity_sim_std","identity_sim_std,boundary_score_mean,boundary_score_std,boundary_score_max,bvp_std"
all_vs_face_bvp,2.0,0.5,0.7403433110505953,0.7390625,0.8858287253581943,0.8682795698924731,0.7921875,10,5,"absdiff_std,bvp_std,d3_temporal_score,highfreq_score,patch_corr_mean,patch_signal_std_mean,boundary_score_mean,boundary_score_std,boundary_score_max,identity_sim_std","identity_sim_std,boundary_score_mean,boundary_score_std,boundary_score_max,bvp_std"
all,2.0,0.45,0.7392077792535457,0.7375,0.8923861698057571,0.8736559139784946,0.7875,10,10,"absdiff_std,bvp_std,d3_temporal_score,highfreq_score,patch_corr_mean,patch_signal_std_mean,boundary_score_mean,boundary_score_std,boundary_score_max,identity_sim_std","absdiff_std,bvp_std,d3_temporal_score,highfreq_score,patch_corr_mean,patch_signal_std_mean,boundary_score_mean,boundary_score_std,boundary_score_max,identity_sim_std"
all,1.5,0.35,0.7377262955922327,0.7359375,0.8941304657588723,0.8978494623655914,0.7875,10,10,"absdiff_std,bvp_std,d3_temporal_score,highfreq_score,patch_corr_mean,patch_signal_std_mean,boundary_score_mean,boundary_score_std,boundary_score_max,identity_sim_std","absdiff_std,bvp_std,d3_temporal_score,highfreq_score,patch_corr_mean,patch_signal_std_mean,boundary_score_mean,boundary_score_std,boundary_score_max,identity_sim_std"
top_split,2.0,0.35,0.7368707153693813,0.734375,0.8883279384494257,0.9139784946236559,0.7765625,5,5,"identity_sim_std,bvp_std,highfreq_score,boundary_score_mean,boundary_score_std","bvp_std,identity_sim_std,boundary_score_std,boundary_score_mean,highfreq_score"
all_vs_face_bvp,2.0,0.45,0.7360041215304373,0.734375,0.8858287253581943,0.8736559139784946,0.7875,10,5,"absdiff_std,bvp_std,d3_temporal_score,highfreq_score,patch_corr_mean,patch_signal_std_mean,boundary_score_mean,boundary_score_std,boundary_score_max,identity_sim_std","identity_sim_std,boundary_score_mean,boundary_score_std,boundary_score_max,bvp_std"
all,1.0,0.35,0.7358083511000885,0.734375,0.8947040800788612,0.8790322580645161,0.7859375,10,10,"absdiff_std,bvp_std,d3_temporal_score,highfreq_score,patch_corr_mean,patch_signal_std_mean,boundary_score_mean,boundary_score_std,boundary_score_max,identity_sim_std","absdiff_std,bvp_std,d3_temporal_score,highfreq_score,patch_corr_mean,patch_signal_std_mean,boundary_score_mean,boundary_score_std,boundary_score_max,identity_sim_std"
all_vs_face_bvp,1.5,0.35,0.7346319915916256,0.7328125,0.8874121441557689,0.8978494623655914,0.7875,10,5,"absdiff_std,bvp_std,d3_temporal_score,highfreq_score,patch_corr_mean,patch_signal_std_mean,boundary_score_mean,boundary_score_std,boundary_score_max,identity_sim_std","identity_sim_std,boundary_score_mean,boundary_score_std,boundary_score_max,bvp_std"
all,1.0,0.3,0.7343489353350995,0.7328125,0.8947040800788612,0.8978494623655914,0.784375,10,10,"absdiff_std,bvp_std,d3_temporal_score,highfreq_score,patch_corr_mean,patch_signal_std_mean,boundary_score_mean,boundary_score_std,boundary_score_max,identity_sim_std","absdiff_std,bvp_std,d3_temporal_score,highfreq_score,patch_corr_mean,patch_signal_std_mean,boundary_score_mean,boundary_score_std,boundary_score_max,identity_sim_std"
all,2.0,0.4,0.7330323390664154,0.73125,0.8923861698057571,0.8897849462365591,0.7828125,10,10,"absdiff_std,bvp_std,d3_temporal_score,highfreq_score,patch_corr_mean,patch_signal_std_mean,boundary_score_mean,boundary_score_std,boundary_score_max,identity_sim_std","absdiff_std,bvp_std,d3_temporal_score,highfreq_score,patch_corr_mean,patch_signal_std_mean,boundary_score_mean,boundary_score_std,boundary_score_max,identity_sim_std"
all_vs_face_bvp,1.0,0.35,0.7326762024254118,0.73125,0.8881193599857097,0.8790322580645161,0.7859375,10,5,"absdiff_std,bvp_std,d3_temporal_score,highfreq_score,patch_corr_mean,patch_signal_std_mean,boundary_score_mean,boundary_score_std,boundary_score_max,identity_sim_std","identity_sim_std,boundary_score_mean,boundary_score_std,boundary_score_max,bvp_std"
all_vs_face_bvp,1.0,0.3,0.7312761235431688,0.7296875,0.8881193599857097,0.8978494623655914,0.784375,10,5,"absdiff_std,bvp_std,d3_temporal_score,highfreq_score,patch_corr_mean,patch_signal_std_mean,boundary_score_mean,boundary_score_std,boundary_score_max,identity_sim_std","identity_sim_std,boundary_score_mean,boundary_score_std,boundary_score_max,bvp_std"
all_vs_face_bvp,2.0,0.4,0.7299393733019718,0.728125,0.8858287253581943,0.8897849462365591,0.7828125,10,5,"absdiff_std,bvp_std,d3_temporal_score,highfreq_score,patch_corr_mean,patch_signal_std_mean,boundary_score_mean,boundary_score_std,boundary_score_max,identity_sim_std","identity_sim_std,boundary_score_mean,boundary_score_std,boundary_score_max,bvp_std"
all,1.5,0.3,0.7299359348320844,0.728125,0.8941304657588723,0.9086021505376344,0.7796875,10,10,"absdiff_std,bvp_std,d3_temporal_score,highfreq_score,patch_corr_mean,patch_signal_std_mean,boundary_score_mean,boundary_score_std,boundary_score_max,identity_sim_std","absdiff_std,bvp_std,d3_temporal_score,highfreq_score,patch_corr_mean,patch_signal_std_mean,boundary_score_mean,boundary_score_std,boundary_score_max,identity_sim_std"
all,2.0,0.35,0.7285859787482832,0.7265625,0.8923861698057571,0.9032258064516129,0.778125,10,10,"absdiff_std,bvp_std,d3_temporal_score,highfreq_score,patch_corr_mean,patch_signal_std_mean,boundary_score_mean,boundary_score_std,boundary_score_max,identity_sim_std","absdiff_std,bvp_std,d3_temporal_score,highfreq_score,patch_corr_mean,patch_signal_std_mean,boundary_score_mean,boundary_score_std,boundary_score_max,identity_sim_std"
top_split,2.0,0.3,0.7270955547608065,0.725,0.8883279384494257,0.9274193548387096,0.76875,5,5,"identity_sim_std,bvp_std,highfreq_score,boundary_score_mean,boundary_score_std","bvp_std,identity_sim_std,boundary_score_std,boundary_score_mean,highfreq_score"
all_vs_face_bvp,1.5,0.3,0.7269092242757109,0.725,0.8874121441557689,0.9086021505376344,0.7796875,10,5,"absdiff_std,bvp_std,d3_temporal_score,highfreq_score,patch_corr_mean,patch_signal_std_mean,boundary_score_mean,boundary_score_std,boundary_score_max,identity_sim_std","identity_sim_std,boundary_score_mean,boundary_score_std,boundary_score_max,bvp_std"
all_vs_face_bvp,2.0,0.35,0.7255544562575577,0.7234375,0.8858287253581943,0.9032258064516129,0.778125,10,5,"absdiff_std,bvp_std,d3_temporal_score,highfreq_score,patch_corr_mean,patch_signal_std_mean,boundary_score_mean,boundary_score_std,boundary_score_max,identity_sim_std","identity_sim_std,boundary_score_mean,boundary_score_std,boundary_score_max,bvp_std"
all_vs_face,1.0,0.4,0.7217917702292186,0.7234375,0.8657950264677555,0.8763440860215054,0.8,10,4,"absdiff_std,bvp_std,d3_temporal_score,highfreq_score,patch_corr_mean,patch_signal_std_mean,boundary_score_mean,boundary_score_std,boundary_score_max,identity_sim_std","identity_sim_std,boundary_score_mean,boundary_score_std,boundary_score_max"
all,2.0,0.3,0.7206692199917746,0.71875,0.8923861698057571,0.9139784946236559,0.7703125,10,10,"absdiff_std,bvp_std,d3_temporal_score,highfreq_score,patch_corr_mean,patch_signal_std_mean,boundary_score_mean,boundary_score_std,boundary_score_max,identity_sim_std","absdiff_std,bvp_std,d3_temporal_score,highfreq_score,patch_corr_mean,patch_signal_std_mean,boundary_score_mean,boundary_score_std,boundary_score_max,identity_sim_std"
phys_id_vs_face,1.0,0.45,0.7196255735378658,0.721875,0.8650061968120027,0.8521505376344086,0.7953125,4,4,"bvp_std,d3_temporal_score,highfreq_score,identity_sim_std","identity_sim_std,boundary_score_mean,boundary_score_std,boundary_score_max"
phys_id_vs_face,1.5,0.4,0.7194457628012446,0.7203125,0.8654105047207109,0.8870967741935484,0.796875,4,4,"bvp_std,d3_temporal_score,highfreq_score,identity_sim_std","identity_sim_std,boundary_score_mean,boundary_score_std,boundary_score_max"
phys_id_vs_face,1.5,0.35,0.7179656310581818,0.71875,0.8654105047207109,0.9112903225806451,0.7984375,4,4,"bvp_std,d3_temporal_score,highfreq_score,identity_sim_std","identity_sim_std,boundary_score_mean,boundary_score_std,boundary_score_max"
all_vs_face_bvp,2.0,0.3,0.7176842172906316,0.715625,0.8858287253581943,0.9139784946236559,0.7703125,10,5,"absdiff_std,bvp_std,d3_temporal_score,highfreq_score,patch_corr_mean,patch_signal_std_mean,boundary_score_mean,boundary_score_std,boundary_score_max,identity_sim_std","identity_sim_std,boundary_score_mean,boundary_score_std,boundary_score_max,bvp_std"
all_vs_face,1.5,0.4,0.7172054729590642,0.7171875,0.8649461895649591,0.8897849462365591,0.79375,10,4,"absdiff_std,bvp_std,d3_temporal_score,highfreq_score,patch_corr_mean,patch_signal_std_mean,boundary_score_mean,boundary_score_std,boundary_score_max,identity_sim_std","identity_sim_std,boundary_score_mean,boundary_score_std,boundary_score_max"
all_vs_face,2.0,0.55,0.7169551552678488,0.71875,0.8637645651301256,0.8575268817204301,0.79375,10,4,"absdiff_std,bvp_std,d3_temporal_score,highfreq_score,patch_corr_mean,patch_signal_std_mean,boundary_score_mean,boundary_score_std,boundary_score_max,identity_sim_std","identity_sim_std,boundary_score_mean,boundary_score_std,boundary_score_max"
all_vs_face,1.0,0.55,0.7169441000742434,0.7203125,0.8657950264677555,0.8333333333333334,0.7953125,10,4,"absdiff_std,bvp_std,d3_temporal_score,highfreq_score,patch_corr_mean,patch_signal_std_mean,boundary_score_mean,boundary_score_std,boundary_score_max,identity_sim_std","identity_sim_std,boundary_score_mean,boundary_score_std,boundary_score_max"
phys_id_vs_face,1.0,0.5,0.7167943197506554,0.7203125,0.8650061968120027,0.8333333333333334,0.7921875,4,4,"bvp_std,d3_temporal_score,highfreq_score,identity_sim_std","identity_sim_std,boundary_score_mean,boundary_score_std,boundary_score_max"
all_vs_face,2.0,0.5,0.7162225075707219,0.7171875,0.8637645651301256,0.8682795698924731,0.7921875,10,4,"absdiff_std,bvp_std,d3_temporal_score,highfreq_score,patch_corr_mean,patch_signal_std_mean,boundary_score_mean,boundary_score_std,boundary_score_max,identity_sim_std","identity_sim_std,boundary_score_mean,boundary_score_std,boundary_score_max"
all_vs_face,1.5,0.45,0.7160962310828678,0.7171875,0.8649461895649591,0.8763440860215054,0.79375,10,4,"absdiff_std,bvp_std,d3_temporal_score,highfreq_score,patch_corr_mean,patch_signal_std_mean,boundary_score_mean,boundary_score_std,boundary_score_max,identity_sim_std","identity_sim_std,boundary_score_mean,boundary_score_std,boundary_score_max"
phys_id_vs_face,1.0,0.55,0.7156763335894238,0.7203125,0.8650061968120027,0.8091397849462365,0.7890625,4,4,"bvp_std,d3_temporal_score,highfreq_score,identity_sim_std","identity_sim_std,boundary_score_mean,boundary_score_std,boundary_score_max"
all_vs_face,1.5,0.5,0.7156705729727247,0.7171875,0.8649461895649591,0.8655913978494624,0.79375,10,4,"absdiff_std,bvp_std,d3_temporal_score,highfreq_score,patch_corr_mean,patch_signal_std_mean,boundary_score_mean,boundary_score_std,boundary_score_max,identity_sim_std","identity_sim_std,boundary_score_mean,boundary_score_std,boundary_score_max"
phys_id_vs_face,1.5,0.5,0.715574587773907,0.7171875,0.8654105047207109,0.8548387096774194,0.790625,4,4,"bvp_std,d3_temporal_score,highfreq_score,identity_sim_std","identity_sim_std,boundary_score_mean,boundary_score_std,boundary_score_max"
phys_id_vs_face,1.0,0.4,0.7155609501684356,0.7171875,0.8650061968120027,0.8629032258064516,0.7921875,4,4,"bvp_std,d3_temporal_score,highfreq_score,identity_sim_std","identity_sim_std,boundary_score_mean,boundary_score_std,boundary_score_max"
all_vs_face,1.0,0.45,0.7151837626169603,0.7171875,0.8657950264677555,0.8575268817204301,0.79375,10,4,"absdiff_std,bvp_std,d3_temporal_score,highfreq_score,patch_corr_mean,patch_signal_std_mean,boundary_score_mean,boundary_score_std,boundary_score_max,identity_sim_std","identity_sim_std,boundary_score_mean,boundary_score_std,boundary_score_max"
phys_id_vs_face,2.0,0.55,0.7150189031543567,0.7171875,0.8654952024451751,0.8548387096774194,0.7921875,4,4,"bvp_std,d3_temporal_score,highfreq_score,identity_sim_std","identity_sim_std,boundary_score_mean,boundary_score_std,boundary_score_max"
phys_id_vs_face,1.5,0.55,0.7149300688409183,0.7171875,0.8654105047207109,0.8360215053763441,0.7875,4,4,"bvp_std,d3_temporal_score,highfreq_score,identity_sim_std","identity_sim_std,boundary_score_mean,boundary_score_std,boundary_score_max"
all_vs_face,1.5,0.55,0.7148660000784451,0.7171875,0.8649461895649591,0.8521505376344086,0.79375,10,4,"absdiff_std,bvp_std,d3_temporal_score,highfreq_score,patch_corr_mean,patch_signal_std_mean,boundary_score_mean,boundary_score_std,boundary_score_max,identity_sim_std","identity_sim_std,boundary_score_mean,boundary_score_std,boundary_score_max"
all_vs_face,1.0,0.5,0.7148085673716996,0.7171875,0.8657950264677555,0.8440860215053764,0.7921875,10,4,"absdiff_std,bvp_std,d3_temporal_score,highfreq_score,patch_corr_mean,patch_signal_std_mean,boundary_score_mean,boundary_score_std,boundary_score_max,identity_sim_std","identity_sim_std,boundary_score_mean,boundary_score_std,boundary_score_max"
all_vs_face,2.0,0.45,0.7118935166478794,0.7125,0.8637645651301256,0.8736559139784946,0.7875,10,4,"absdiff_std,bvp_std,d3_temporal_score,highfreq_score,patch_corr_mean,patch_signal_std_mean,boundary_score_mean,boundary_score_std,boundary_score_max,identity_sim_std","identity_sim_std,boundary_score_mean,boundary_score_std,boundary_score_max"
phys_id_vs_face,1.0,0.35,0.7115639103778465,0.7125,0.8650061968120027,0.8763440860215054,0.790625,4,4,"bvp_std,d3_temporal_score,highfreq_score,identity_sim_std","identity_sim_std,boundary_score_mean,boundary_score_std,boundary_score_max"
phys_id_vs_face,1.0,0.3,0.7104271052973684,0.7109375,0.8650061968120027,0.8978494623655914,0.7890625,4,4,"bvp_std,d3_temporal_score,highfreq_score,identity_sim_std","identity_sim_std,boundary_score_mean,boundary_score_std,boundary_score_max"
phys_id_vs_face,1.5,0.45,0.7098489508922468,0.7109375,0.8654105047207109,0.8575268817204301,0.7859375,4,4,"bvp_std,d3_temporal_score,highfreq_score,identity_sim_std","identity_sim_std,boundary_score_mean,boundary_score_std,boundary_score_max"
all_vs_face,1.5,0.35,0.709470335001109,0.709375,0.8649461895649591,0.8978494623655914,0.7875,10,4,"absdiff_std,bvp_std,d3_temporal_score,highfreq_score,patch_corr_mean,patch_signal_std_mean,boundary_score_mean,boundary_score_std,boundary_score_max,identity_sim_std","identity_sim_std,boundary_score_mean,boundary_score_std,boundary_score_max"
all_vs_face,1.0,0.35,0.7085876967488619,0.709375,0.8657950264677555,0.8790322580645161,0.7859375,10,4,"absdiff_std,bvp_std,d3_temporal_score,highfreq_score,patch_corr_mean,patch_signal_std_mean,boundary_score_mean,boundary_score_std,boundary_score_max,identity_sim_std","identity_sim_std,boundary_score_mean,boundary_score_std,boundary_score_max"
phys_id_vs_face,2.0,0.5,0.7081976929933719,0.709375,0.8654952024451751,0.8629032258064516,0.784375,4,4,"bvp_std,d3_temporal_score,highfreq_score,identity_sim_std","identity_sim_std,boundary_score_mean,boundary_score_std,boundary_score_max"
all_vs_face,2.0,0.4,0.7061654286711044,0.70625,0.8637645651301256,0.8897849462365591,0.7828125,10,4,"absdiff_std,bvp_std,d3_temporal_score,highfreq_score,patch_corr_mean,patch_signal_std_mean,boundary_score_mean,boundary_score_std,boundary_score_max,identity_sim_std","identity_sim_std,boundary_score_mean,boundary_score_std,boundary_score_max"
phys_id_vs_face,2.0,0.4,0.7060750955419003,0.70625,0.8654952024451751,0.9005376344086021,0.7859375,4,4,"bvp_std,d3_temporal_score,highfreq_score,identity_sim_std","identity_sim_std,boundary_score_mean,boundary_score_std,boundary_score_max"
all_vs_face,1.0,0.3,0.7059051206140308,0.70625,0.8657950264677555,0.8978494623655914,0.784375,10,4,"absdiff_std,bvp_std,d3_temporal_score,highfreq_score,patch_corr_mean,patch_signal_std_mean,boundary_score_mean,boundary_score_std,boundary_score_max,identity_sim_std","identity_sim_std,boundary_score_mean,boundary_score_std,boundary_score_max"
phys_id_vs_face,2.0,0.45,0.7042567733279853,0.7046875,0.8654952024451751,0.8709677419354839,0.78125,4,4,"bvp_std,d3_temporal_score,highfreq_score,identity_sim_std","identity_sim_std,boundary_score_mean,boundary_score_std,boundary_score_max"
all_vs_face,2.0,0.35,0.7004175657464039,0.7,0.8637645651301256,0.9032258064516129,0.778125,10,4,"absdiff_std,bvp_std,d3_temporal_score,highfreq_score,patch_corr_mean,patch_signal_std_mean,boundary_score_mean,boundary_score_std,boundary_score_max,identity_sim_std","identity_sim_std,boundary_score_mean,boundary_score_std,boundary_score_max"
all_vs_face,1.5,0.3,0.7003736607192789,0.7,0.8649461895649591,0.9086021505376344,0.7796875,10,4,"absdiff_std,bvp_std,d3_temporal_score,highfreq_score,patch_corr_mean,patch_signal_std_mean,boundary_score_mean,boundary_score_std,boundary_score_max,identity_sim_std","identity_sim_std,boundary_score_mean,boundary_score_std,boundary_score_max"
phys_id_vs_face,1.5,0.3,0.6981997930447573,0.6984375,0.8654105047207109,0.9139784946236559,0.7796875,4,4,"bvp_std,d3_temporal_score,highfreq_score,identity_sim_std","identity_sim_std,boundary_score_mean,boundary_score_std,boundary_score_max"
phys_id_vs_face,2.0,0.35,0.6968246333018838,0.696875,0.8654952024451751,0.9139784946236559,0.778125,4,4,"bvp_std,d3_temporal_score,highfreq_score,identity_sim_std","identity_sim_std,boundary_score_mean,boundary_score_std,boundary_score_max"
all_vs_face,2.0,0.3,0.6914667712840812,0.690625,0.8637645651301256,0.9139784946236559,0.7703125,10,4,"absdiff_std,bvp_std,d3_temporal_score,highfreq_score,patch_corr_mean,patch_signal_std_mean,boundary_score_mean,boundary_score_std,boundary_score_max,identity_sim_std","identity_sim_std,boundary_score_mean,boundary_score_std,boundary_score_max"
phys_id_vs_face,2.0,0.3,0.6796290988430727,0.6796875,0.8654952024451751,0.9193548387096774,0.7625,4,4,"bvp_std,d3_temporal_score,highfreq_score,identity_sim_std","identity_sim_std,boundary_score_mean,boundary_score_std,boundary_score_max"
phys_vs_all,1.0,0.4,0.6707064946069182,0.665625,0.846320674144447,0.8064516129032258,0.7078125,3,10,"bvp_std,d3_temporal_score,highfreq_score","absdiff_std,bvp_std,d3_temporal_score,highfreq_score,patch_corr_mean,patch_signal_std_mean,boundary_score_mean,boundary_score_std,boundary_score_max,identity_sim_std"
phys_vs_all,1.0,0.45,0.6689076772260275,0.6640625,0.846320674144447,0.7849462365591398,0.7046875,3,10,"bvp_std,d3_temporal_score,highfreq_score","absdiff_std,bvp_std,d3_temporal_score,highfreq_score,patch_corr_mean,patch_signal_std_mean,boundary_score_mean,boundary_score_std,boundary_score_max,identity_sim_std"
phys_vs_all,2.0,0.55,0.6688005562674327,0.6640625,0.8444161663875053,0.7876344086021505,0.7046875,3,10,"bvp_std,d3_temporal_score,highfreq_score","absdiff_std,bvp_std,d3_temporal_score,highfreq_score,patch_corr_mean,patch_signal_std_mean,boundary_score_mean,boundary_score_std,boundary_score_max,identity_sim_std"
phys_vs_all,1.5,0.55,0.6664502525846608,0.6625,0.8448328382988265,0.760752688172043,0.703125,3,10,"bvp_std,d3_temporal_score,highfreq_score","absdiff_std,bvp_std,d3_temporal_score,highfreq_score,patch_corr_mean,patch_signal_std_mean,boundary_score_mean,boundary_score_std,boundary_score_max,identity_sim_std"
phys_vs_all,1.0,0.55,0.665722154273768,0.6640625,0.846320674144447,0.7123655913978495,0.7,3,10,"bvp_std,d3_temporal_score,highfreq_score","absdiff_std,bvp_std,d3_temporal_score,highfreq_score,patch_corr_mean,patch_signal_std_mean,boundary_score_mean,boundary_score_std,boundary_score_max,identity_sim_std"
phys_vs_all,1.0,0.5,0.663115519657942,0.659375,0.846320674144447,0.7446236559139785,0.6984375,3,10,"bvp_std,d3_temporal_score,highfreq_score","absdiff_std,bvp_std,d3_temporal_score,highfreq_score,patch_corr_mean,patch_signal_std_mean,boundary_score_mean,boundary_score_std,boundary_score_max,identity_sim_std"
phys_vs_all,1.0,0.35,0.6605646640637084,0.65625,0.846320674144447,0.8467741935483871,0.703125,3,10,"bvp_std,d3_temporal_score,highfreq_score","absdiff_std,bvp_std,d3_temporal_score,highfreq_score,patch_corr_mean,patch_signal_std_mean,boundary_score_mean,boundary_score_std,boundary_score_max,identity_sim_std"
phys_vs_all,1.5,0.5,0.6582910307882499,0.653125,0.8448328382988265,0.793010752688172,0.696875,3,10,"bvp_std,d3_temporal_score,highfreq_score","absdiff_std,bvp_std,d3_temporal_score,highfreq_score,patch_corr_mean,patch_signal_std_mean,boundary_score_mean,boundary_score_std,boundary_score_max,identity_sim_std"
phys_vs_all,1.5,0.4,0.6551846113976896,0.6515625,0.8448328382988265,0.8521505376344086,0.6984375,3,10,"bvp_std,d3_temporal_score,highfreq_score","absdiff_std,bvp_std,d3_temporal_score,highfreq_score,patch_corr_mean,patch_signal_std_mean,boundary_score_mean,boundary_score_std,boundary_score_max,identity_sim_std"
phys_patch_vs_face,1.0,0.55,0.6538241024964976,0.65625,0.8158251233837377,0.7446236559139785,0.7203125,6,4,"bvp_std,d3_temporal_score,highfreq_score,absdiff_std,patch_corr_mean,patch_signal_std_mean","identity_sim_std,boundary_score_mean,boundary_score_std,boundary_score_max"
phys_vs_all,2.0,0.5,0.6518026320779763,0.646875,0.8444161663875053,0.8225806451612904,0.690625,3,10,"bvp_std,d3_temporal_score,highfreq_score","absdiff_std,bvp_std,d3_temporal_score,highfreq_score,patch_corr_mean,patch_signal_std_mean,boundary_score_mean,boundary_score_std,boundary_score_max,identity_sim_std"
phys_vs_all,1.5,0.45,0.6487856795149799,0.64375,0.8448328382988265,0.8198924731182796,0.690625,3,10,"bvp_std,d3_temporal_score,highfreq_score","absdiff_std,bvp_std,d3_temporal_score,highfreq_score,patch_corr_mean,patch_signal_std_mean,boundary_score_mean,boundary_score_std,boundary_score_max,identity_sim_std"
phys_vs_all,1.0,0.3,0.6477254403490232,0.6453125,0.846320674144447,0.8736559139784946,0.6953125,3,10,"bvp_std,d3_temporal_score,highfreq_score","absdiff_std,bvp_std,d3_temporal_score,highfreq_score,patch_corr_mean,patch_signal_std_mean,boundary_score_mean,boundary_score_std,boundary_score_max,identity_sim_std"
phys_patch_vs_face,1.0,0.5,0.6476293732418655,0.6484375,0.8158251233837377,0.7634408602150538,0.715625,6,4,"bvp_std,d3_temporal_score,highfreq_score,absdiff_std,patch_corr_mean,patch_signal_std_mean","identity_sim_std,boundary_score_mean,boundary_score_std,boundary_score_max"
phys_patch_vs_face,2.0,0.55,0.6474430403666367,0.646875,0.8152098045208779,0.793010752688172,0.7171875,6,4,"bvp_std,d3_temporal_score,highfreq_score,absdiff_std,patch_corr_mean,patch_signal_std_mean","identity_sim_std,boundary_score_mean,boundary_score_std,boundary_score_max"
phys_vs_all,1.5,0.35,0.6467555053030067,0.6453125,0.8448328382988265,0.8844086021505376,0.6953125,3,10,"bvp_std,d3_temporal_score,highfreq_score","absdiff_std,bvp_std,d3_temporal_score,highfreq_score,patch_corr_mean,patch_signal_std_mean,boundary_score_mean,boundary_score_std,boundary_score_max,identity_sim_std"
phys_vs_all,2.0,0.45,0.6449080022192478,0.640625,0.8444161663875053,0.8387096774193549,0.6859375,3,10,"bvp_std,d3_temporal_score,highfreq_score","absdiff_std,bvp_std,d3_temporal_score,highfreq_score,patch_corr_mean,patch_signal_std_mean,boundary_score_mean,boundary_score_std,boundary_score_max,identity_sim_std"
phys_patch_vs_face,1.5,0.55,0.6447035490237344,0.6453125,0.8170313771075471,0.771505376344086,0.715625,6,4,"bvp_std,d3_temporal_score,highfreq_score,absdiff_std,patch_corr_mean,patch_signal_std_mean","identity_sim_std,boundary_score_mean,boundary_score_std,boundary_score_max"
phys_patch_vs_face,1.5,0.5,0.641751995522919,0.640625,0.8170313771075471,0.7903225806451613,0.7109375,6,4,"bvp_std,d3_temporal_score,highfreq_score,absdiff_std,patch_corr_mean,patch_signal_std_mean","identity_sim_std,boundary_score_mean,boundary_score_std,boundary_score_max"
phys_vs_face,1.0,0.55,0.640116351416818,0.6421875,0.8135094991909186,0.7123655913978495,0.7,3,4,"bvp_std,d3_temporal_score,highfreq_score","identity_sim_std,boundary_score_mean,boundary_score_std,boundary_score_max"
phys_vs_all,1.5,0.3,0.6395524542929613,0.640625,0.8448328382988265,0.9032258064516129,0.690625,3,10,"bvp_std,d3_temporal_score,highfreq_score","absdiff_std,bvp_std,d3_temporal_score,highfreq_score,patch_corr_mean,patch_signal_std_mean,boundary_score_mean,boundary_score_std,boundary_score_max,identity_sim_std"
phys_vs_face,1.0,0.4,0.6391350102783859,0.6375,0.8135094991909186,0.8064516129032258,0.7078125,3,4,"bvp_std,d3_temporal_score,highfreq_score","identity_sim_std,boundary_score_mean,boundary_score_std,boundary_score_max"
phys_patch_vs_face,1.5,0.45,0.6378571694447394,0.6359375,0.8170313771075471,0.8091397849462365,0.7078125,6,4,"bvp_std,d3_temporal_score,highfreq_score,absdiff_std,patch_corr_mean,patch_signal_std_mean","identity_sim_std,boundary_score_mean,boundary_score_std,boundary_score_max"
phys_vs_face,2.0,0.55,0.6373085042111369,0.6359375,0.8118075210504475,0.7876344086021505,0.7046875,3,4,"bvp_std,d3_temporal_score,highfreq_score","identity_sim_std,boundary_score_mean,boundary_score_std,boundary_score_max"
phys_vs_all,2.0,0.4,0.6370252308804404,0.634375,0.8444161663875053,0.8602150537634409,0.68125,3,10,"bvp_std,d3_temporal_score,highfreq_score","absdiff_std,bvp_std,d3_temporal_score,highfreq_score,patch_corr_mean,patch_signal_std_mean,boundary_score_mean,boundary_score_std,boundary_score_max,identity_sim_std"
phys_vs_face,1.0,0.45,0.6369783749503438,0.6359375,0.8135094991909186,0.7849462365591398,0.7046875,3,4,"bvp_std,d3_temporal_score,highfreq_score","identity_sim_std,boundary_score_mean,boundary_score_std,boundary_score_max"
phys_vs_all,2.0,0.35,0.6363889288780865,0.6359375,0.8444161663875053,0.8924731182795699,0.6890625,3,10,"bvp_std,d3_temporal_score,highfreq_score","absdiff_std,bvp_std,d3_temporal_score,highfreq_score,patch_corr_mean,patch_signal_std_mean,boundary_score_mean,boundary_score_std,boundary_score_max,identity_sim_std"
phys_patch_vs_face,1.0,0.4,0.636138513990599,0.634375,0.8158251233837377,0.8064516129032258,0.70625,6,4,"bvp_std,d3_temporal_score,highfreq_score,absdiff_std,patch_corr_mean,patch_signal_std_mean","identity_sim_std,boundary_score_mean,boundary_score_std,boundary_score_max"
phys_patch_vs_face,2.0,0.5,0.6347780445923104,0.6328125,0.8152098045208779,0.8091397849462365,0.703125,6,4,"bvp_std,d3_temporal_score,highfreq_score,absdiff_std,patch_corr_mean,patch_signal_std_mean","identity_sim_std,boundary_score_mean,boundary_score_std,boundary_score_max"
phys_vs_face,1.5,0.55,0.6344233721203998,0.634375,0.8123706482070757,0.760752688172043,0.703125,3,4,"bvp_std,d3_temporal_score,highfreq_score","identity_sim_std,boundary_score_mean,boundary_score_std,boundary_score_max"
phys_patch_vs_face,1.0,0.45,0.6337983108144274,0.6328125,0.8158251233837377,0.7741935483870968,0.7015625,6,4,"bvp_std,d3_temporal_score,highfreq_score,absdiff_std,patch_corr_mean,patch_signal_std_mean","identity_sim_std,boundary_score_mean,boundary_score_std,boundary_score_max"
phys_vs_face,1.0,0.5,0.6323464913903686,0.6328125,0.8135094991909186,0.7446236559139785,0.6984375,3,4,"bvp_std,d3_temporal_score,highfreq_score","identity_sim_std,boundary_score_mean,boundary_score_std,boundary_score_max"
phys_patch_vs_face,1.5,0.4,0.6304235533743731,0.628125,0.8170313771075471,0.8360215053763441,0.703125,6,4,"bvp_std,d3_temporal_score,highfreq_score,absdiff_std,patch_corr_mean,patch_signal_std_mean","identity_sim_std,boundary_score_mean,boundary_score_std,boundary_score_max"
phys_vs_face,1.0,0.35,0.6281966795253978,0.6265625,0.8135094991909186,0.8467741935483871,0.703125,3,4,"bvp_std,d3_temporal_score,highfreq_score","identity_sim_std,boundary_score_mean,boundary_score_std,boundary_score_max"
phys_vs_face,1.5,0.5,0.6250170899942287,0.6234375,0.8123706482070757,0.793010752688172,0.696875,3,4,"bvp_std,d3_temporal_score,highfreq_score","identity_sim_std,boundary_score_mean,boundary_score_std,boundary_score_max"
phys_vs_face,1.5,0.4,0.6232536841267619,0.621875,0.8123706482070757,0.8521505376344086,0.6984375,3,4,"bvp_std,d3_temporal_score,highfreq_score","identity_sim_std,boundary_score_mean,boundary_score_std,boundary_score_max"
phys_patch_vs_face,1.0,0.35,0.6214592200639707,0.61875,0.8158251233837377,0.8225806451612904,0.6921875,6,4,"bvp_std,d3_temporal_score,highfreq_score,absdiff_std,patch_corr_mean,patch_signal_std_mean","identity_sim_std,boundary_score_mean,boundary_score_std,boundary_score_max"
phys_patch_vs_face,2.0,0.45,0.6214326656949608,0.61875,0.8152098045208779,0.8252688172043011,0.690625,6,4,"bvp_std,d3_temporal_score,highfreq_score,absdiff_std,patch_corr_mean,patch_signal_std_mean","identity_sim_std,boundary_score_mean,boundary_score_std,boundary_score_max"
phys_vs_face,2.0,0.5,0.6193254995175915,0.6171875,0.8118075210504475,0.8225806451612904,0.690625,3,4,"bvp_std,d3_temporal_score,highfreq_score","identity_sim_std,boundary_score_mean,boundary_score_std,boundary_score_max"
phys_patch_vs_face,1.5,0.35,0.6188701917479006,0.6171875,0.8170313771075471,0.8575268817204301,0.6953125,6,4,"bvp_std,d3_temporal_score,highfreq_score,absdiff_std,patch_corr_mean,patch_signal_std_mean","identity_sim_std,boundary_score_mean,boundary_score_std,boundary_score_max"
phys_vs_face,1.5,0.45,0.6177690384863205,0.615625,0.8123706482070757,0.8198924731182796,0.690625,3,4,"bvp_std,d3_temporal_score,highfreq_score","identity_sim_std,boundary_score_mean,boundary_score_std,boundary_score_max"
phys_vs_all,2.0,0.3,0.6169160439161558,0.6203125,0.8444161663875053,0.9112903225806451,0.6734375,3,10,"bvp_std,d3_temporal_score,highfreq_score","absdiff_std,bvp_std,d3_temporal_score,highfreq_score,patch_corr_mean,patch_signal_std_mean,boundary_score_mean,boundary_score_std,boundary_score_max,identity_sim_std"
phys_vs_face,2.0,0.45,0.6142426898976796,0.6125,0.8118075210504475,0.8387096774193549,0.6859375,3,4,"bvp_std,d3_temporal_score,highfreq_score","identity_sim_std,boundary_score_mean,boundary_score_std,boundary_score_max"
phys_vs_face,1.5,0.35,0.6137796636216102,0.6140625,0.8123706482070757,0.8844086021505376,0.6953125,3,4,"bvp_std,d3_temporal_score,highfreq_score","identity_sim_std,boundary_score_mean,boundary_score_std,boundary_score_max"
phys_vs_face,1.0,0.3,0.6130333086075791,0.6125,0.8135094991909186,0.8736559139784946,0.6953125,3,4,"bvp_std,d3_temporal_score,highfreq_score","identity_sim_std,boundary_score_mean,boundary_score_std,boundary_score_max"
phys_patch_vs_face,1.0,0.3,0.609018109018109,0.6078125,0.8158251233837377,0.8602150537634409,0.6875,6,4,"bvp_std,d3_temporal_score,highfreq_score,absdiff_std,patch_corr_mean,patch_signal_std_mean","identity_sim_std,boundary_score_mean,boundary_score_std,boundary_score_max"
phys_vs_face,2.0,0.4,0.60522983166281,0.6046875,0.8118075210504475,0.8602150537634409,0.68125,3,4,"bvp_std,d3_temporal_score,highfreq_score","identity_sim_std,boundary_score_mean,boundary_score_std,boundary_score_max"
phys_vs_face,2.0,0.35,0.6051495664593777,0.60625,0.8118075210504475,0.8924731182795699,0.6890625,3,4,"bvp_std,d3_temporal_score,highfreq_score","identity_sim_std,boundary_score_mean,boundary_score_std,boundary_score_max"
phys_vs_face,1.5,0.3,0.6041110799478574,0.60625,0.8123706482070757,0.9032258064516129,0.690625,3,4,"bvp_std,d3_temporal_score,highfreq_score","identity_sim_std,boundary_score_mean,boundary_score_std,boundary_score_max"
phys_patch_vs_face,2.0,0.4,0.6030977260557475,0.6015625,0.8152098045208779,0.8521505376344086,0.6796875,6,4,"bvp_std,d3_temporal_score,highfreq_score,absdiff_std,patch_corr_mean,patch_signal_std_mean","identity_sim_std,boundary_score_mean,boundary_score_std,boundary_score_max"
phys_patch_vs_face,1.5,0.3,0.592525186720254,0.59375,0.8170313771075471,0.8870967741935484,0.678125,6,4,"bvp_std,d3_temporal_score,highfreq_score,absdiff_std,patch_corr_mean,patch_signal_std_mean","identity_sim_std,boundary_score_mean,boundary_score_std,boundary_score_max"
phys_patch_vs_face,2.0,0.35,0.5891380444795368,0.5890625,0.8152098045208779,0.8682795698924731,0.6734375,6,4,"bvp_std,d3_temporal_score,highfreq_score,absdiff_std,patch_corr_mean,patch_signal_std_mean","identity_sim_std,boundary_score_mean,boundary_score_std,boundary_score_max"
phys_vs_face,2.0,0.3,0.5840968850735844,0.5890625,0.8118075210504475,0.9112903225806451,0.6734375,3,4,"bvp_std,d3_temporal_score,highfreq_score","identity_sim_std,boundary_score_mean,boundary_score_std,boundary_score_max"
phys_patch_vs_face,2.0,0.3,0.5754713796940728,0.5796875,0.8152098045208779,0.9005376344086021,0.665625,6,4,"bvp_std,d3_temporal_score,highfreq_score,absdiff_std,patch_corr_mean,patch_signal_std_mean","identity_sim_std,boundary_score_mean,boundary_score_std,boundary_score_max"
