video_name,label,success,absdiff_std,bvp_std,d3_temporal_score,highfreq_score,patch_corr_mean,patch_signal_std_mean,pseudo_snr_db
00703--7tiy3Q705w8_12--AniPortraitVideo.mp4,,True,0.015991476413507403,0.04674567910262972,1.7509710788726807,0.016731249168515205,0.09752554433903135,0.16016483040244928,-5.894111522980786
00865--kLWS8Kn4XKg_0--AniPortraitVideo.mp4,,True,0.01451978525413034,0.05398595273061896,1.603378415107727,0.028124067932367325,0.08599316324426393,0.1916062947005715,-0.5459421917500089
01474--xrvwv7kdiXk_20--AniPortraitVideo.mp4,,True,0.018587589013610635,0.08386144716101548,1.8183437585830688,0.03412101790308952,0.17518686850181403,0.42192951378771615,-0.4566579052203811
01636--oJJS0WAqTAo_14--AniPortraitVideo.mp4,,True,0.006200137607312164,0.021018452856667823,1.0895458459854126,0.031242715194821358,0.053056497919611804,0.10059365651885012,-3.382783645207708
01661--9nq78d6CRTE_12--AniPortraitVideo.mp4,,True,0.014036096946561421,0.056307458946376426,1.4445304870605469,0.028861818835139275,0.11385328550724974,0.2037660092738186,-5.727132440196455
02184--A_bC8fF6WZE_2--AniPortraitVideo.mp4,,True,0.014664592096936142,0.04522466654701647,1.3303388357162476,0.030855370685458183,0.17505568570320681,0.12486340802021026,-4.94094041967443
02284---LCqZeb1de0_2--AniPortraitVideo.mp4,,True,0.011654353311748652,0.041115357821458996,1.2296514511108398,0.026657145470380783,0.08691292957664432,0.17522288897735025,-0.3602562119057256
03642--O0UH-hyZnHg_0--AniPortraitVideo.mp4,,True,0.015614444266430176,0.0514393863099478,1.163735032081604,0.032777562737464905,0.09990771088681541,0.20725611207053515,-5.370071317197468
03721--aWsc5Zc9kyw_18--AniPortraitVideo.mp4,,True,0.019521182790387417,0.0815949306728224,1.9124126434326172,0.020506348460912704,0.15028065912882538,0.2514695994417823,-3.63565972758869
03810--5mAI-v1nfOw_0--AniPortraitVideo.mp4,,True,0.012886639925700267,0.049736697460742225,1.584388256072998,0.030022604390978813,0.08909753750352654,0.2396773447515589,-3.598283018913633
04229--eXzoP6NYjRk_1--AniPortraitVideo.mp4,,True,0.01876343312761871,0.05136838009243254,3.0008533000946045,0.009012642316520214,0.12112010639257459,0.1741556553834862,-3.053651925309456
04584--O0UH-hyZnHg_8--AniPortraitVideo.mp4,,True,0.015532368478648398,0.055559746652849476,1.550734281539917,0.02023833990097046,0.0765737263143383,0.24940466133823452,-3.0707763076022196
05377--6K1RzetttOA_52--AniPortraitVideo.mp4,,True,0.025684112848811395,0.09318941361180991,2.985844373703003,0.038691356778144836,0.10642419250739182,0.4399884499223455,0.2578684416535781
06053--HfEK1I-lBvQ_0--AniPortraitVideo.mp4,,True,0.005948459756887939,0.02130162209598792,0.8378998041152954,0.040048155933618546,0.07414202919683029,0.10723739116057321,-1.512396453727181
06285--R1k_1p3mitg_7--AniPortraitVideo.mp4,,True,0.04012529316626147,0.10453724157774513,1.5858566761016846,0.01922277733683586,0.16952692366859878,0.28271108121005334,-7.833159224422489
07581--944BOVL_y_U_1--AniPortraitVideo.mp4,,True,0.007711100308970492,0.025187540480887,1.668128490447998,0.04634758085012436,0.06732590433499881,0.2616919025946742,-5.04593402442831
07894--pwz5-eyCgXE_2--AniPortraitVideo.mp4,,True,0.011566417130734767,0.04479076072365054,2.531633138656616,0.03463834151625633,0.13399720127050616,0.13030905052039943,-4.958236971983231
07908--3kSvtdUcsHk_13--AniPortraitVideo.mp4,,True,0.012284090851584367,0.05531862140324578,1.188044548034668,0.044027071446180344,0.16305860321765703,0.19283947170280008,-1.7554505081447997
08056--cyel18g9q0s_47--AniPortraitVideo.mp4,,True,0.014096413304977086,0.0564922954663025,1.5473849773406982,0.024980682879686356,0.10283508700398651,0.2956947082827417,-6.311030005343257
08288--SVSzVDnvkHw_0--AniPortraitVideo.mp4,,True,0.011056887172876789,0.03433259768425633,1.6139284372329712,0.04171029478311539,0.08962315906668583,0.14821988236848016,-3.3975935864880693
08536--1OV_pCU4dJU_2--AniPortraitVideo.mp4,,True,0.02212744518152366,0.07756828283847256,1.495542049407959,0.04131114110350609,0.1586236080233036,0.24441427042956865,-4.410147547367809
08769--jJcg8J0bEqI_10--AniPortraitVideo.mp4,,True,0.009487812234813228,0.035086696286598974,1.6402770280838013,0.04886180907487869,0.09383535625107274,0.17061902383935784,-3.5612708623335294
08798--4AY4OziyqyI_7--AniPortraitVideo.mp4,,True,0.012168150109684904,0.043243730443834755,1.2143672704696655,0.06676431745290756,0.08165603245419069,0.3326202313135116,-6.395843589067396
09428--R2DhcfXooy8_4--AniPortraitVideo.mp4,,True,0.018729817089921115,0.06728503617729115,1.3185802698135376,0.01985647715628147,0.21283670215781955,0.16093375715807773,-4.145642464471173
11318--u6HRhOttQG4_26--AniPortraitVideo.mp4,,True,0.016892314938277826,0.07066382528660964,1.4226946830749512,0.02600717544555664,0.11037978392125875,0.23758372499763503,-2.3579591958471706
12275--SAK2kObsiMY_14--AniPortraitVideo.mp4,,True,0.008692963679768502,0.02707759806252756,1.2085087299346924,0.019206641241908073,0.09377639768971634,0.10601298991246182,-2.1866970702438113
12275--SxEFrFChaGc_0--AniPortraitVideo.mp4,,True,0.009347920549394964,0.028809964677521133,1.304675817489624,0.022968348115682602,0.10739790904239753,0.13113594361440803,-1.3710244822699318
13219--UEjGEXAndzY_19--AniPortraitVideo.mp4,,True,0.014116681760822558,0.05337090136930313,1.6211862564086914,0.02207282930612564,0.13283367016819903,0.16550034341495296,0.8953771538602905
14153--5mAI-v1nfOw_0--AniPortraitVideo.mp4,,True,0.008331629717170792,0.024873125220720892,1.9827486276626587,0.02769440971314907,0.06647672165819549,0.10819427123388965,-4.294126454593211
15357--XDmfBTgIRUg_22--AniPortraitVideo.mp4,,True,0.01187728472173604,0.04164048433922129,1.0442324876785278,0.03486258536577225,0.08402729316717199,0.1684184833025027,-3.0628273634603094
15448--JDQcnQpxOj8_4--AniPortraitVideo.mp4,,True,0.025233517405393525,0.10242140717603782,1.5164837837219238,0.027310680598020554,0.21942033723465343,0.22277447527107033,-2.880079021213634
15805--cyel18g9q0s_10--AniPortraitVideo.mp4,,True,0.009602622467780611,0.045574069946031276,1.189609408378601,0.025686023756861687,0.07498443234292962,0.2684017474642193,-1.0632788339657282
16006--A_bC8fF6WZE_2--AniPortraitVideo.mp4,,True,0.010308593583336554,0.03311103345046108,0.9980031847953796,0.024296972900629044,0.10312098911880124,0.11704649746500977,-3.715037560806871
16110--XDmfBTgIRUg_22--AniPortraitVideo.mp4,,True,0.01317964950347458,0.05117049726177092,1.1442257165908813,0.01887715607881546,0.12033490137333062,0.1637915933656801,-3.4553195430288
16382--VLgGBz6rZvw_13--AniPortraitVideo.mp4,,True,0.015559244006784436,0.04468783186459626,1.3665777444839478,0.013155598193407059,0.10853245051602567,0.14784551067714027,-5.440845313337577
17205--Ym3EvqlsfaA_15--AniPortraitVideo.mp4,,True,0.026719616731204262,0.11166268019503937,1.477565884590149,0.03297702223062515,0.12432694478426543,0.6576557691731159,-5.002696603739248
17227--JZC_q1ZuDik_5--AniPortraitVideo.mp4,,True,0.01275009033579636,0.04006349414326784,1.8064086437225342,0.014742514118552208,0.06684550934646588,0.15358582187983086,-6.765385215691086
18084--qfEkv726kdQ_15--AniPortraitVideo.mp4,,True,0.00968493169013156,0.028048839412188154,1.6390082836151123,0.0368400476872921,0.06030676697481272,0.14206013042696902,-1.5457743753102493
18221--63nDBr_Qavw_2--AniPortraitVideo.mp4,,True,0.04695924833916675,0.13651638219060774,2.029892921447754,0.017030108720064163,0.11408520758068835,0.4048822608404305,-3.5429472853801096
21050--pwz5-eyCgXE_2--AniPortraitVideo.mp4,,True,0.016965506189739438,0.06118205838746922,3.6272647380828857,0.02968277968466282,0.10697628551472468,0.19624569870013997,-3.099994119991635
22223--gmo_PhSftuc_0--AniPortraitVideo.mp4,,True,0.016017380645015088,0.049296791440409986,1.2794129848480225,0.03286433219909668,0.07981113816498164,0.2243141511680712,-7.121038649931006
22614--SAK2kObsiMY_12--AniPortraitVideo.mp4,,True,0.006204068660435697,0.019036712508192912,1.4686832427978516,0.046434368938207626,0.06644511780275189,0.10386933027664458,-8.344559117781232
22792--viRfGNQjgQs_14--AniPortraitVideo.mp4,,True,0.01255221880963582,0.06026688042793362,1.5628966093063354,0.027717502787709236,0.11350301535609476,0.24454724108346992,2.556483577557599
22942--_Oh6aLNkW5o_0--AniPortraitVideo.mp4,,True,0.024560547381099012,0.0924967561705203,2.4658939838409424,0.012515023350715637,0.32650577821285176,0.15993078484233744,2.8664759736818466
23205--W4rtGPCsoXA_4--AniPortraitVideo.mp4,,True,0.014540598873915307,0.05257413914204607,2.0742061138153076,0.027186043560504913,0.06710915048256214,0.2076828445064379,-6.8515808176817234
23809--GZQMDeQs0-k_0--AniPortraitVideo.mp4,,True,0.019444471029432274,0.07373901476032853,1.6117862462997437,0.02155926264822483,0.13368890237420603,0.23562988387644354,1.130277574662563
24793--UEjGEXAndzY_19--AniPortraitVideo (1).mp4,,True,0.013691325851334049,0.04823811289841766,1.4214575290679932,0.018427930772304535,0.11700489664073754,0.19678761147954532,-0.5656987571918025
24793--UEjGEXAndzY_19--AniPortraitVideo.mp4,,True,0.013691325851334049,0.04823811289841766,1.4219201803207397,0.018427930772304535,0.11700489664073754,0.19678761147954532,-0.5656987571918025
25209--xgMGnhrKZQI_56--AniPortraitVideo (1).mp4,,True,0.015504509673525993,0.04209026442163192,1.1991678476333618,0.020045211538672447,0.03938567766635845,0.5747779465708268,-1.8557463736045188
25209--xgMGnhrKZQI_56--AniPortraitVideo.mp4,,True,0.015504509673525993,0.04209026442163192,1.1991201639175415,0.020045211538672447,0.03938567766635845,0.5747779465708268,-1.8557463736045188
25302--Uu3xazfdmvk_15--AniPortraitVideo.mp4,,True,0.012293946324234764,0.04348969152805025,1.8895536661148071,0.021565625444054604,0.05397448577867792,0.21422958005147205,-1.1688054721876064
25518--ZyQOxWQ63Vc_3--AniPortraitVideo.mp4,,True,0.01119056423431127,0.044746502048704055,2.315808057785034,0.02317703515291214,0.09615636257062699,0.1664372132781957,0.999486484588707
